Record Length,2.500000e+03,,  -0.000050000000,   0.00000,
Sample Interval,4.000000e-08,,  -0.000049960000,  16.00000,
Trigger Point,1.250000000000e+03,,  -0.000049920000,   8.00000,
,,,  -0.000049880000,   0.00000,
,,,  -0.000049840000,   8.00000,
,,,  -0.000049800000,   0.00000,
Source,CH2,,  -0.000049760000,   8.00000,
Vertical Units,V,,  -0.000049720000,   8.00000,
Vertical Scale,2.000000e+02,,  -0.000049680000,   0.00000,
Vertical Offset,3.200000e+02,,  -0.000049640000,   8.00000,
Horizontal Units,s,,  -0.000049600000,   8.00000,
Horizontal Scale,1.000000e-05,,  -0.000049560000,   0.00000,
Pt Fmt,Y,,  -0.000049520000,   0.00000,
Yzero,0.000000e+00,,  -0.000049480000,   0.00000,
Probe Atten,1.000000e+03,,  -0.000049440000,   8.00000,
Model Number,TDS2002C,,  -0.000049400000,   0.00000,
Serial Number,C014116,,  -0.000049360000,   0.00000,
Firmware Version,FV:v24.15,,  -0.000049320000,   8.00000,
,,,-00.000049280000,  16.00000,
,,,-00.000049240000,   8.00000,
,,,-00.000049200000,   8.00000,
,,,-00.000049160000,   0.00000,
,,,-00.000049120000,   0.00000,
,,,-00.000049080000,   8.00000,
,,,-00.000049040000,   8.00000,
,,,-00.000049000000,   8.00000,
,,,-00.000048960000,   0.00000,
,,,-00.000048920000,   8.00000,
,,,-00.000048880000,  16.00000,
,,,-00.000048840000,   0.00000,
,,,-00.000048800000,  -8.00000,
,,,-00.000048760000,   8.00000,
,,,-00.000048720000,   8.00000,
,,,-00.000048680000,   8.00000,
,,,-00.000048640000,   8.00000,
,,,-00.000048600000,   0.00000,
,,,-00.000048560000,   8.00000,
,,,-00.000048520000,   0.00000,
,,,-00.000048480000,   0.00000,
,,,-00.000048440000,   8.00000,
,,,-00.000048400000,   8.00000,
,,,-00.000048360000,   0.00000,
,,,-00.000048320000,  16.00000,
,,,-00.000048280000,   8.00000,
,,,-00.000048240000,   8.00000,
,,,-00.000048200000,   8.00000,
,,,-00.000048160000,   8.00000,
,,,-00.000048120000,  -8.00000,
,,,-00.000048080000,   8.00000,
,,,-00.000048040000,   0.00000,
,,,-00.000048000000,   8.00000,
,,,-00.000047960000,   0.00000,
,,,-00.000047920000,   0.00000,
,,,-00.000047880000,   0.00000,
,,,-00.000047840000,   8.00000,
,,,-00.000047800000,   0.00000,
,,,-00.000047760000,   8.00000,
,,,-00.000047720000,   8.00000,
,,,-00.000047680000,   0.00000,
,,,-00.000047640000,   8.00000,
,,,-00.000047600000,   8.00000,
,,,-00.000047560000,   8.00000,
,,,-00.000047520000,   0.00000,
,,,-00.000047480000,   0.00000,
,,,-00.000047440000,   0.00000,
,,,-00.000047400000,  16.00000,
,,,-00.000047360000,   0.00000,
,,,-00.000047320000,   0.00000,
,,,-00.000047280000,   0.00000,
,,,-00.000047240000,   8.00000,
,,,-00.000047200000,  16.00000,
,,,-00.000047160000,   8.00000,
,,,-00.000047120000,   8.00000,
,,,-00.000047080000,   0.00000,
,,,-00.000047040000,   8.00000,
,,,-00.000047000000,   0.00000,
,,,-00.000046960000,   0.00000,
,,,-00.000046920000,   8.00000,
,,,-00.000046880000,   8.00000,
,,,-00.000046840000,   0.00000,
,,,-00.000046800000,   8.00000,
,,,-00.000046760000,   0.00000,
,,,-00.000046720000,   0.00000,
,,,-00.000046680000,   0.00000,
,,,-00.000046640000,   0.00000,
,,,-00.000046600000,   8.00000,
,,,-00.000046560000,   8.00000,
,,,-00.000046520000,   8.00000,
,,,-00.000046480000,   0.00000,
,,,-00.000046440000,   0.00000,
,,,-00.000046400000,   0.00000,
,,,-00.000046360000,   8.00000,
,,,-00.000046320000,   8.00000,
,,,-00.000046280000,   8.00000,
,,,-00.000046240000,   0.00000,
,,,-00.000046200000,   8.00000,
,,,-00.000046160000,   0.00000,
,,,-00.000046120000,   8.00000,
,,,-00.000046080000,   8.00000,
,,,-00.000046040000,   0.00000,
,,,-00.000046000000,   8.00000,
,,,-00.000045960000,   8.00000,
,,,-00.000045920000,   0.00000,
,,,-00.000045880000,   8.00000,
,,,-00.000045840000,   8.00000,
,,,-00.000045800000,   0.00000,
,,,-00.000045760000,   8.00000,
,,,-00.000045720000,   0.00000,
,,,-00.000045680000,   8.00000,
,,,-00.000045640000,   0.00000,
,,,-00.000045600000,   8.00000,
,,,-00.000045560000,   8.00000,
,,,-00.000045520000,   8.00000,
,,,-00.000045480000,   8.00000,
,,,-00.000045440000,   0.00000,
,,,-00.000045400000,   0.00000,
,,,-00.000045360000,   0.00000,
,,,-00.000045320000,   8.00000,
,,,-00.000045280000,   8.00000,
,,,-00.000045240000,   8.00000,
,,,-00.000045200000,  -8.00000,
,,,-00.000045160000,  -8.00000,
,,,-00.000045120000,   0.00000,
,,,-00.000045080000,   0.00000,
,,,-00.000045040000,  -8.00000,
,,,-00.000045000000,   8.00000,
,,,-00.000044960000,  16.00000,
,,,-00.000044920000,   0.00000,
,,,-00.000044880000,   0.00000,
,,,-00.000044840000,   0.00000,
,,,-00.000044800000,   8.00000,
,,,-00.000044760000,   0.00000,
,,,-00.000044720000,   8.00000,
,,,-00.000044680000,   8.00000,
,,,-00.000044640000,   0.00000,
,,,-00.000044600000,   0.00000,
,,,-00.000044560000,   0.00000,
,,,-00.000044520000,  16.00000,
,,,-00.000044480000,   8.00000,
,,,-00.000044440000,   8.00000,
,,,-00.000044400000,   8.00000,
,,,-00.000044360000,   8.00000,
,,,-00.000044320000,   0.00000,
,,,-00.000044280000,   8.00000,
,,,-00.000044240000,   8.00000,
,,,-00.000044200000,   0.00000,
,,,-00.000044160000,   0.00000,
,,,-00.000044120000,   8.00000,
,,,-00.000044080000,   0.00000,
,,,-00.000044040000,   0.00000,
,,,-00.000044000000,  -8.00000,
,,,-00.000043960000,   8.00000,
,,,-00.000043920000,   8.00000,
,,,-00.000043880000,   0.00000,
,,,-00.000043840000,  16.00000,
,,,-00.000043800000,   8.00000,
,,,-00.000043760000,   8.00000,
,,,-00.000043720000,   8.00000,
,,,-00.000043680000,   8.00000,
,,,-00.000043640000,   8.00000,
,,,-00.000043600000,   0.00000,
,,,-00.000043560000,   0.00000,
,,,-00.000043520000,   0.00000,
,,,-00.000043480000,   0.00000,
,,,-00.000043440000,   8.00000,
,,,-00.000043400000,   8.00000,
,,,-00.000043360000,   0.00000,
,,,-00.000043320000,   0.00000,
,,,-00.000043280000,   0.00000,
,,,-00.000043240000,   8.00000,
,,,-00.000043200000,   8.00000,
,,,-00.000043160000,   8.00000,
,,,-00.000043120000,   0.00000,
,,,-00.000043080000,   8.00000,
,,,-00.000043040000,   8.00000,
,,,-00.000043000000,   0.00000,
,,,-00.000042960000,   0.00000,
,,,-00.000042920000,   8.00000,
,,,-00.000042880000,   0.00000,
,,,-00.000042840000,   8.00000,
,,,-00.000042800000,   0.00000,
,,,-00.000042760000,   0.00000,
,,,-00.000042720000,   0.00000,
,,,-00.000042680000,   8.00000,
,,,-00.000042640000,   8.00000,
,,,-00.000042600000,   8.00000,
,,,-00.000042560000,   0.00000,
,,,-00.000042520000,   0.00000,
,,,-00.000042480000,   0.00000,
,,,-00.000042440000,   0.00000,
,,,-00.000042400000,   0.00000,
,,,-00.000042360000,   0.00000,
,,,-00.000042320000,   8.00000,
,,,-00.000042280000,   8.00000,
,,,-00.000042240000,  16.00000,
,,,-00.000042200000,   8.00000,
,,,-00.000042160000,  -8.00000,
,,,-00.000042120000,   8.00000,
,,,-00.000042080000,   8.00000,
,,,-00.000042040000,   8.00000,
,,,-00.000042000000,   8.00000,
,,,-00.000041960000,   0.00000,
,,,-00.000041920000,  -8.00000,
,,,-00.000041880000,   8.00000,
,,,-00.000041840000,   0.00000,
,,,-00.000041800000,   8.00000,
,,,-00.000041760000,   0.00000,
,,,-00.000041720000,   0.00000,
,,,-00.000041680000,   0.00000,
,,,-00.000041640000,   8.00000,
,,,-00.000041600000,   8.00000,
,,,-00.000041560000,   0.00000,
,,,-00.000041520000,  16.00000,
,,,-00.000041480000,   0.00000,
,,,-00.000041440000,  -8.00000,
,,,-00.000041400000,   8.00000,
,,,-00.000041360000,  16.00000,
,,,-00.000041320000,   0.00000,
,,,-00.000041280000,   8.00000,
,,,-00.000041240000,   0.00000,
,,,-00.000041200000,   0.00000,
,,,-00.000041160000,   0.00000,
,,,-00.000041120000,   8.00000,
,,,-00.000041080000,   8.00000,
,,,-00.000041040000,   0.00000,
,,,-00.000041000000,  16.00000,
,,,-00.000040960000,   8.00000,
,,,-00.000040920000,   8.00000,
,,,-00.000040880000,  -8.00000,
,,,-00.000040840000,   0.00000,
,,,-00.000040800000,   0.00000,
,,,-00.000040760000,   8.00000,
,,,-00.000040720000,   8.00000,
,,,-00.000040680000,   0.00000,
,,,-00.000040640000,   0.00000,
,,,-00.000040600000,   8.00000,
,,,-00.000040560000,   0.00000,
,,,-00.000040520000,  16.00000,
,,,-00.000040480000,   8.00000,
,,,-00.000040440000,   0.00000,
,,,-00.000040400000,   8.00000,
,,,-00.000040360000,   8.00000,
,,,-00.000040320000,   8.00000,
,,,-00.000040280000,   8.00000,
,,,-00.000040240000,   8.00000,
,,,-00.000040200000,   0.00000,
,,,-00.000040160000,   8.00000,
,,,-00.000040120000,   8.00000,
,,,-00.000040080000,   0.00000,
,,,-00.000040040000,   0.00000,
,,,-00.000040000000,   8.00000,
,,,-00.000039960000,   0.00000,
,,,-00.000039920000,   8.00000,
,,,-00.000039880000,   8.00000,
,,,-00.000039840000,  16.00000,
,,,-00.000039800000,   8.00000,
,,,-00.000039760000,   0.00000,
,,,-00.000039720000,   8.00000,
,,,-00.000039680000,   8.00000,
,,,-00.000039640000,   8.00000,
,,,-00.000039600000,   0.00000,
,,,-00.000039560000,   8.00000,
,,,-00.000039520000,   8.00000,
,,,-00.000039480000,   8.00000,
,,,-00.000039440000,   8.00000,
,,,-00.000039400000,   0.00000,
,,,-00.000039360000,   0.00000,
,,,-00.000039320000,   0.00000,
,,,-00.000039280000,   8.00000,
,,,-00.000039240000,   8.00000,
,,,-00.000039200000,   0.00000,
,,,-00.000039160000,   8.00000,
,,,-00.000039120000,   0.00000,
,,,-00.000039080000,  16.00000,
,,,-00.000039040000,   8.00000,
,,,-00.000039000000,   0.00000,
,,,-00.000038960000,   8.00000,
,,,-00.000038920000,   8.00000,
,,,-00.000038880000,  16.00000,
,,,-00.000038840000,   8.00000,
,,,-00.000038800000,   0.00000,
,,,-00.000038760000,   8.00000,
,,,-00.000038720000,  -8.00000,
,,,-00.000038680000,   0.00000,
,,,-00.000038640000,   8.00000,
,,,-00.000038600000,   8.00000,
,,,-00.000038560000,   8.00000,
,,,-00.000038520000,   0.00000,
,,,-00.000038480000,   0.00000,
,,,-00.000038440000,   0.00000,
,,,-00.000038400000,   8.00000,
,,,-00.000038360000,   8.00000,
,,,-00.000038320000,   0.00000,
,,,-00.000038280000,   8.00000,
,,,-00.000038240000,   8.00000,
,,,-00.000038200000,   0.00000,
,,,-00.000038160000,   0.00000,
,,,-00.000038120000,   0.00000,
,,,-00.000038080000,   8.00000,
,,,-00.000038040000,   8.00000,
,,,-00.000038000000,   0.00000,
,,,-00.000037960000,   0.00000,
,,,-00.000037920000,   8.00000,
,,,-00.000037880000,   8.00000,
,,,-00.000037840000,   8.00000,
,,,-00.000037800000,   0.00000,
,,,-00.000037760000,   8.00000,
,,,-00.000037720000,   8.00000,
,,,-00.000037680000,   0.00000,
,,,-00.000037640000,   8.00000,
,,,-00.000037600000,   0.00000,
,,,-00.000037560000,   0.00000,
,,,-00.000037520000,   8.00000,
,,,-00.000037480000,   0.00000,
,,,-00.000037440000,   0.00000,
,,,-00.000037400000,   8.00000,
,,,-00.000037360000,   8.00000,
,,,-00.000037320000,   8.00000,
,,,-00.000037280000,   0.00000,
,,,-00.000037240000,   8.00000,
,,,-00.000037200000,   8.00000,
,,,-00.000037160000,   8.00000,
,,,-00.000037120000,   0.00000,
,,,-00.000037080000,   8.00000,
,,,-00.000037040000,   8.00000,
,,,-00.000037000000,   8.00000,
,,,-00.000036960000,   8.00000,
,,,-00.000036920000,   0.00000,
,,,-00.000036880000,  16.00000,
,,,-00.000036840000,   8.00000,
,,,-00.000036800000,   0.00000,
,,,-00.000036760000,   8.00000,
,,,-00.000036720000,   8.00000,
,,,-00.000036680000,   0.00000,
,,,-00.000036640000,   0.00000,
,,,-00.000036600000,   8.00000,
,,,-00.000036560000,  16.00000,
,,,-00.000036520000,   8.00000,
,,,-00.000036480000,   8.00000,
,,,-00.000036440000,   8.00000,
,,,-00.000036400000,   8.00000,
,,,-00.000036360000,   8.00000,
,,,-00.000036320000,   8.00000,
,,,-00.000036280000,   8.00000,
,,,-00.000036240000,   8.00000,
,,,-00.000036200000,   8.00000,
,,,-00.000036160000,   0.00000,
,,,-00.000036120000,   0.00000,
,,,-00.000036080000,   0.00000,
,,,-00.000036040000,   8.00000,
,,,-00.000036000000,   8.00000,
,,,-00.000035960000,   8.00000,
,,,-00.000035920000,  16.00000,
,,,-00.000035880000,   0.00000,
,,,-00.000035840000,   8.00000,
,,,-00.000035800000,   8.00000,
,,,-00.000035760000,   8.00000,
,,,-00.000035720000,   0.00000,
,,,-00.000035680000,   8.00000,
,,,-00.000035640000,   0.00000,
,,,-00.000035600000,   0.00000,
,,,-00.000035560000,   8.00000,
,,,-00.000035520000,   8.00000,
,,,-00.000035480000,   8.00000,
,,,-00.000035440000,   8.00000,
,,,-00.000035400000,   0.00000,
,,,-00.000035360000,   0.00000,
,,,-00.000035320000,   0.00000,
,,,-00.000035280000,   8.00000,
,,,-00.000035240000,   8.00000,
,,,-00.000035200000,   8.00000,
,,,-00.000035160000,   8.00000,
,,,-00.000035120000,   8.00000,
,,,-00.000035080000,   8.00000,
,,,-00.000035040000,   0.00000,
,,,-00.000035000000,   8.00000,
,,,-00.000034960000,   8.00000,
,,,-00.000034920000,   8.00000,
,,,-00.000034880000,   0.00000,
,,,-00.000034840000,   0.00000,
,,,-00.000034800000,   8.00000,
,,,-00.000034760000,   8.00000,
,,,-00.000034720000,   8.00000,
,,,-00.000034680000,   8.00000,
,,,-00.000034640000,   0.00000,
,,,-00.000034600000,   8.00000,
,,,-00.000034560000,   0.00000,
,,,-00.000034520000,   8.00000,
,,,-00.000034480000,   8.00000,
,,,-00.000034440000,   8.00000,
,,,-00.000034400000,   0.00000,
,,,-00.000034360000,   8.00000,
,,,-00.000034320000,   8.00000,
,,,-00.000034280000,  16.00000,
,,,-00.000034240000,   8.00000,
,,,-00.000034200000,   0.00000,
,,,-00.000034160000,   0.00000,
,,,-00.000034120000,   0.00000,
,,,-00.000034080000,   8.00000,
,,,-00.000034040000,   8.00000,
,,,-00.000034000000,   0.00000,
,,,-00.000033960000,   0.00000,
,,,-00.000033920000,   8.00000,
,,,-00.000033880000,   8.00000,
,,,-00.000033840000,   0.00000,
,,,-00.000033800000,   8.00000,
,,,-00.000033760000,   8.00000,
,,,-00.000033720000,   8.00000,
,,,-00.000033680000,   8.00000,
,,,-00.000033640000,   0.00000,
,,,-00.000033600000,   8.00000,
,,,-00.000033560000,   8.00000,
,,,-00.000033520000,   0.00000,
,,,-00.000033480000,   0.00000,
,,,-00.000033440000,   8.00000,
,,,-00.000033400000,   8.00000,
,,,-00.000033360000,   8.00000,
,,,-00.000033320000,   8.00000,
,,,-00.000033280000,   8.00000,
,,,-00.000033240000,   0.00000,
,,,-00.000033200000,   0.00000,
,,,-00.000033160000,   0.00000,
,,,-00.000033120000,   0.00000,
,,,-00.000033080000,   8.00000,
,,,-00.000033040000,   0.00000,
,,,-00.000033000000,   8.00000,
,,,-00.000032960000,   8.00000,
,,,-00.000032920000,   8.00000,
,,,-00.000032880000,   0.00000,
,,,-00.000032840000,  16.00000,
,,,-00.000032800000,   8.00000,
,,,-00.000032760000,   8.00000,
,,,-00.000032720000,   0.00000,
,,,-00.000032680000,   0.00000,
,,,-00.000032640000,   8.00000,
,,,-00.000032600000,  16.00000,
,,,-00.000032560000,   8.00000,
,,,-00.000032520000,   8.00000,
,,,-00.000032480000,  16.00000,
,,,-00.000032440000,   0.00000,
,,,-00.000032400000,   8.00000,
,,,-00.000032360000,   8.00000,
,,,-00.000032320000,   8.00000,
,,,-00.000032280000,   8.00000,
,,,-00.000032240000,  16.00000,
,,,-00.000032200000,   8.00000,
,,,-00.000032160000,   8.00000,
,,,-00.000032120000,   0.00000,
,,,-00.000032080000,   0.00000,
,,,-00.000032040000,   8.00000,
,,,-00.000032000000,   0.00000,
,,,-00.000031960000,   8.00000,
,,,-00.000031920000,   8.00000,
,,,-00.000031880000,   8.00000,
,,,-00.000031840000,   0.00000,
,,,-00.000031800000,   8.00000,
,,,-00.000031760000,   8.00000,
,,,-00.000031720000,   0.00000,
,,,-00.000031680000,   0.00000,
,,,-00.000031640000,   8.00000,
,,,-00.000031600000,   0.00000,
,,,-00.000031560000,   8.00000,
,,,-00.000031520000,   8.00000,
,,,-00.000031480000,   0.00000,
,,,-00.000031440000,   0.00000,
,,,-00.000031400000,   0.00000,
,,,-00.000031360000,   8.00000,
,,,-00.000031320000,  16.00000,
,,,-00.000031280000,   8.00000,
,,,-00.000031240000,   8.00000,
,,,-00.000031200000,   0.00000,
,,,-00.000031160000,   8.00000,
,,,-00.000031120000,   0.00000,
,,,-00.000031080000,   0.00000,
,,,-00.000031040000,   8.00000,
,,,-00.000031000000,   0.00000,
,,,-00.000030960000,   8.00000,
,,,-00.000030920000,   8.00000,
,,,-00.000030880000,   8.00000,
,,,-00.000030840000,   8.00000,
,,,-00.000030800000,   0.00000,
,,,-00.000030760000,   0.00000,
,,,-00.000030720000,   0.00000,
,,,-00.000030680000,   0.00000,
,,,-00.000030640000,   0.00000,
,,,-00.000030600000,   8.00000,
,,,-00.000030560000,   0.00000,
,,,-00.000030520000,   0.00000,
,,,-00.000030480000,   8.00000,
,,,-00.000030440000,   8.00000,
,,,-00.000030400000,   0.00000,
,,,-00.000030360000,   0.00000,
,,,-00.000030320000,   8.00000,
,,,-00.000030280000,   0.00000,
,,,-00.000030240000,   0.00000,
,,,-00.000030200000,   8.00000,
,,,-00.000030160000,   8.00000,
,,,-00.000030120000,   8.00000,
,,,-00.000030080000,   0.00000,
,,,-00.000030040000,   0.00000,
,,,-00.000030000000,   8.00000,
,,,-00.000029960000,   0.00000,
,,,-00.000029920000,   0.00000,
,,,-00.000029880000,   0.00000,
,,,-00.000029840000,   0.00000,
,,,-00.000029800000,   0.00000,
,,,-00.000029760000,   8.00000,
,,,-00.000029720000,   0.00000,
,,,-00.000029680000,   0.00000,
,,,-00.000029640000,  16.00000,
,,,-00.000029600000,   8.00000,
,,,-00.000029560000,  -8.00000,
,,,-00.000029520000,   0.00000,
,,,-00.000029480000,   8.00000,
,,,-00.000029440000,   8.00000,
,,,-00.000029400000,   0.00000,
,,,-00.000029360000,   0.00000,
,,,-00.000029320000,  -8.00000,
,,,-00.000029280000,   0.00000,
,,,-00.000029240000,   0.00000,
,,,-00.000029200000,   0.00000,
,,,-00.000029160000,   0.00000,
,,,-00.000029120000,   8.00000,
,,,-00.000029080000,   8.00000,
,,,-00.000029040000,   8.00000,
,,,-00.000029000000,   0.00000,
,,,-00.000028960000,   0.00000,
,,,-00.000028920000, -32.00000,
,,,-00.000028880000, -72.00000,
,,,-00.000028840000, -96.00000,
,,,-00.000028800000,-136.00000,
,,,-00.000028760000,-168.00000,
,,,-00.000028720000,-200.00000,
,,,-00.000028680000,-224.00000,
,,,-00.000028640000,-248.00000,
,,,-00.000028600000,-280.00000,
,,,-00.000028560000,-312.00000,
,,,-00.000028520000,-328.00000,
,,,-00.000028480000,-352.00000,
,,,-00.000028440000,-384.00000,
,,,-00.000028400000,-408.00000,
,,,-00.000028360000,-424.00000,
,,,-00.000028320000,-448.00000,
,,,-00.000028280000,-456.00000,
,,,-00.000028240000,-488.00000,
,,,-00.000028200000,-496.00000,
,,,-00.000028160000,-520.00000,
,,,-00.000028120000,-544.00000,
,,,-00.000028080000,-560.00000,
,,,-00.000028040000,-560.00000,
,,,-00.000028000000,-568.00000,
,,,-00.000027960000,-592.00000,
,,,-00.000027920000,-608.00000,
,,,-00.000027880000,-616.00000,
,,,-00.000027840000,-632.00000,
,,,-00.000027800000,-640.00000,
,,,-00.000027760000,-648.00000,
,,,-00.000027720000,-656.00000,
,,,-00.000027680000,-672.00000,
,,,-00.000027640000,-688.00000,
,,,-00.000027600000,-696.00000,
,,,-00.000027560000,-696.00000,
,,,-00.000027520000,-704.00000,
,,,-00.000027480000,-712.00000,
,,,-00.000027440000,-720.00000,
,,,-00.000027400000,-728.00000,
,,,-00.000027360000,-736.00000,
,,,-00.000027320000,-744.00000,
,,,-00.000027280000,-752.00000,
,,,-00.000027240000,-760.00000,
,,,-00.000027200000,-760.00000,
,,,-00.000027160000,-760.00000,
,,,-00.000027120000,-768.00000,
,,,-00.000027080000,-776.00000,
,,,-00.000027040000,-784.00000,
,,,-00.000027000000,-784.00000,
,,,-00.000026960000,-800.00000,
,,,-00.000026920000,-792.00000,
,,,-00.000026880000,-792.00000,
,,,-00.000026840000,-808.00000,
,,,-00.000026800000,-808.00000,
,,,-00.000026760000,-816.00000,
,,,-00.000026720000,-816.00000,
,,,-00.000026680000,-824.00000,
,,,-00.000026640000,-824.00000,
,,,-00.000026600000,-824.00000,
,,,-00.000026560000,-840.00000,
,,,-00.000026520000,-824.00000,
,,,-00.000026480000,-824.00000,
,,,-00.000026440000,-840.00000,
,,,-00.000026400000,-832.00000,
,,,-00.000026360000,-840.00000,
,,,-00.000026320000,-840.00000,
,,,-00.000026280000,-848.00000,
,,,-00.000026240000,-848.00000,
,,,-00.000026200000,-848.00000,
,,,-00.000026160000,-848.00000,
,,,-00.000026120000,-856.00000,
,,,-00.000026080000,-856.00000,
,,,-00.000026040000,-856.00000,
,,,-00.000026000000,-864.00000,
,,,-00.000025960000,-856.00000,
,,,-00.000025920000,-856.00000,
,,,-00.000025880000,-864.00000,
,,,-00.000025840000,-856.00000,
,,,-00.000025800000,-864.00000,
,,,-00.000025760000,-864.00000,
,,,-00.000025720000,-864.00000,
,,,-00.000025680000,-880.00000,
,,,-00.000025640000,-864.00000,
,,,-00.000025600000,-872.00000,
,,,-00.000025560000,-872.00000,
,,,-00.000025520000,-864.00000,
,,,-00.000025480000,-864.00000,
,,,-00.000025440000,-880.00000,
,,,-00.000025400000,-864.00000,
,,,-00.000025360000,-872.00000,
,,,-00.000025320000,-880.00000,
,,,-00.000025280000,-872.00000,
,,,-00.000025240000,-880.00000,
,,,-00.000025200000,-888.00000,
,,,-00.000025160000,-880.00000,
,,,-00.000025120000,-880.00000,
,,,-00.000025080000,-880.00000,
,,,-00.000025040000,-880.00000,
,,,-00.000025000000,-880.00000,
,,,-00.000024960000,-888.00000,
,,,-00.000024920000,-880.00000,
,,,-00.000024880000,-888.00000,
,,,-00.000024840000,-888.00000,
,,,-00.000024800000,-896.00000,
,,,-00.000024760000,-880.00000,
,,,-00.000024720000,-880.00000,
,,,-00.000024680000,-896.00000,
,,,-00.000024640000,-896.00000,
,,,-00.000024600000,-896.00000,
,,,-00.000024560000,-888.00000,
,,,-00.000024520000,-880.00000,
,,,-00.000024480000,-888.00000,
,,,-00.000024440000,-888.00000,
,,,-00.000024400000,-896.00000,
,,,-00.000024360000,-896.00000,
,,,-00.000024320000,-888.00000,
,,,-00.000024280000,-896.00000,
,,,-00.000024240000,-888.00000,
,,,-00.000024200000,-888.00000,
,,,-00.000024160000,-888.00000,
,,,-00.000024120000,-896.00000,
,,,-00.000024080000,-888.00000,
,,,-00.000024040000,-896.00000,
,,,-00.000024000000,-888.00000,
,,,-00.000023960000,-888.00000,
,,,-00.000023920000,-888.00000,
,,,-00.000023880000,-888.00000,
,,,-00.000023840000,-896.00000,
,,,-00.000023800000,-888.00000,
,,,-00.000023760000,-896.00000,
,,,-00.000023720000,-896.00000,
,,,-00.000023680000,-896.00000,
,,,-00.000023640000,-904.00000,
,,,-00.000023600000,-896.00000,
,,,-00.000023560000,-896.00000,
,,,-00.000023520000,-896.00000,
,,,-00.000023480000,-896.00000,
,,,-00.000023440000,-888.00000,
,,,-00.000023400000,-896.00000,
,,,-00.000023360000,-896.00000,
,,,-00.000023320000,-896.00000,
,,,-00.000023280000,-904.00000,
,,,-00.000023240000,-896.00000,
,,,-00.000023200000,-904.00000,
,,,-00.000023160000,-896.00000,
,,,-00.000023120000,-904.00000,
,,,-00.000023080000,-904.00000,
,,,-00.000023040000,-896.00000,
,,,-00.000023000000,-888.00000,
,,,-00.000022960000,-896.00000,
,,,-00.000022920000,-896.00000,
,,,-00.000022880000,-896.00000,
,,,-00.000022840000,-896.00000,
,,,-00.000022800000,-904.00000,
,,,-00.000022760000,-896.00000,
,,,-00.000022720000,-904.00000,
,,,-00.000022680000,-896.00000,
,,,-00.000022640000,-896.00000,
,,,-00.000022600000,-896.00000,
,,,-00.000022560000,-896.00000,
,,,-00.000022520000,-888.00000,
,,,-00.000022480000,-896.00000,
,,,-00.000022440000,-888.00000,
,,,-00.000022400000,-904.00000,
,,,-00.000022360000,-896.00000,
,,,-00.000022320000,-904.00000,
,,,-00.000022280000,-896.00000,
,,,-00.000022240000,-896.00000,
,,,-00.000022200000,-896.00000,
,,,-00.000022160000,-904.00000,
,,,-00.000022120000,-888.00000,
,,,-00.000022080000,-904.00000,
,,,-00.000022040000,-904.00000,
,,,-00.000022000000,-896.00000,
,,,-00.000021960000,-904.00000,
,,,-00.000021920000,-904.00000,
,,,-00.000021880000,-896.00000,
,,,-00.000021840000,-904.00000,
,,,-00.000021800000,-896.00000,
,,,-00.000021760000,-896.00000,
,,,-00.000021720000,-896.00000,
,,,-00.000021680000,-904.00000,
,,,-00.000021640000,-904.00000,
,,,-00.000021600000,-896.00000,
,,,-00.000021560000,-896.00000,
,,,-00.000021520000,-888.00000,
,,,-00.000021480000,-904.00000,
,,,-00.000021440000,-896.00000,
,,,-00.000021400000,-904.00000,
,,,-00.000021360000,-896.00000,
,,,-00.000021320000,-896.00000,
,,,-00.000021280000,-904.00000,
,,,-00.000021240000,-904.00000,
,,,-00.000021200000,-904.00000,
,,,-00.000021160000,-904.00000,
,,,-00.000021120000,-896.00000,
,,,-00.000021080000,-904.00000,
,,,-00.000021040000,-912.00000,
,,,-00.000021000000,-896.00000,
,,,-00.000020960000,-904.00000,
,,,-00.000020920000,-904.00000,
,,,-00.000020880000,-904.00000,
,,,-00.000020840000,-912.00000,
,,,-00.000020800000,-896.00000,
,,,-00.000020760000,-896.00000,
,,,-00.000020720000,-904.00000,
,,,-00.000020680000,-896.00000,
,,,-00.000020640000,-912.00000,
,,,-00.000020600000,-896.00000,
,,,-00.000020560000,-904.00000,
,,,-00.000020520000,-904.00000,
,,,-00.000020480000,-896.00000,
,,,-00.000020440000,-904.00000,
,,,-00.000020400000,-896.00000,
,,,-00.000020360000,-896.00000,
,,,-00.000020320000,-912.00000,
,,,-00.000020280000,-904.00000,
,,,-00.000020240000,-896.00000,
,,,-00.000020200000,-912.00000,
,,,-00.000020160000,-912.00000,
,,,-00.000020120000,-896.00000,
,,,-00.000020080000,-896.00000,
,,,-00.000020040000,-896.00000,
,,,-00.000020000000,-896.00000,
,,,-00.000019960000,-896.00000,
,,,-00.000019920000,-904.00000,
,,,-00.000019880000,-904.00000,
,,,-00.000019840000,-904.00000,
,,,-00.000019800000,-904.00000,
,,,-00.000019760000,-904.00000,
,,,-00.000019720000,-896.00000,
,,,-00.000019680000,-904.00000,
,,,-00.000019640000,-896.00000,
,,,-00.000019600000,-912.00000,
,,,-00.000019560000,-896.00000,
,,,-00.000019520000,-896.00000,
,,,-00.000019480000,-904.00000,
,,,-00.000019440000,-896.00000,
,,,-00.000019400000,-896.00000,
,,,-00.000019360000,-904.00000,
,,,-00.000019320000,-904.00000,
,,,-00.000019280000,-896.00000,
,,,-00.000019240000,-904.00000,
,,,-00.000019200000,-896.00000,
,,,-00.000019160000,-896.00000,
,,,-00.000019120000,-904.00000,
,,,-00.000019080000,-904.00000,
,,,-00.000019040000,-896.00000,
,,,-00.000019000000,-896.00000,
,,,-00.000018960000,-896.00000,
,,,-00.000018920000,-904.00000,
,,,-00.000018880000,-904.00000,
,,,-00.000018840000,-904.00000,
,,,-00.000018800000,-904.00000,
,,,-00.000018760000,-904.00000,
,,,-00.000018720000,-896.00000,
,,,-00.000018680000,-904.00000,
,,,-00.000018640000,-904.00000,
,,,-00.000018600000,-904.00000,
,,,-00.000018560000,-896.00000,
,,,-00.000018520000,-896.00000,
,,,-00.000018480000,-904.00000,
,,,-00.000018440000,-904.00000,
,,,-00.000018400000,-896.00000,
,,,-00.000018360000,-904.00000,
,,,-00.000018320000,-904.00000,
,,,-00.000018280000,-896.00000,
,,,-00.000018240000,-904.00000,
,,,-00.000018200000,-888.00000,
,,,-00.000018160000,-896.00000,
,,,-00.000018120000,-904.00000,
,,,-00.000018080000,-904.00000,
,,,-00.000018040000,-904.00000,
,,,-00.000018000000,-896.00000,
,,,-00.000017960000,-896.00000,
,,,-00.000017920000,-904.00000,
,,,-00.000017880000,-904.00000,
,,,-00.000017840000,-904.00000,
,,,-00.000017800000,-904.00000,
,,,-00.000017760000,-904.00000,
,,,-00.000017720000,-896.00000,
,,,-00.000017680000,-904.00000,
,,,-00.000017640000,-896.00000,
,,,-00.000017600000,-896.00000,
,,,-00.000017560000,-896.00000,
,,,-00.000017520000,-912.00000,
,,,-00.000017480000,-904.00000,
,,,-00.000017440000,-904.00000,
,,,-00.000017400000,-904.00000,
,,,-00.000017360000,-896.00000,
,,,-00.000017320000,-896.00000,
,,,-00.000017280000,-896.00000,
,,,-00.000017240000,-904.00000,
,,,-00.000017200000,-896.00000,
,,,-00.000017160000,-904.00000,
,,,-00.000017120000,-896.00000,
,,,-00.000017080000,-904.00000,
,,,-00.000017040000,-896.00000,
,,,-00.000017000000,-904.00000,
,,,-00.000016960000,-904.00000,
,,,-00.000016920000,-904.00000,
,,,-00.000016880000,-912.00000,
,,,-00.000016840000,-896.00000,
,,,-00.000016800000,-896.00000,
,,,-00.000016760000,-904.00000,
,,,-00.000016720000,-904.00000,
,,,-00.000016680000,-904.00000,
,,,-00.000016640000,-904.00000,
,,,-00.000016600000,-904.00000,
,,,-00.000016560000,-904.00000,
,,,-00.000016520000,-896.00000,
,,,-00.000016480000,-904.00000,
,,,-00.000016440000,-904.00000,
,,,-00.000016400000,-896.00000,
,,,-00.000016360000,-904.00000,
,,,-00.000016320000,-896.00000,
,,,-00.000016280000,-904.00000,
,,,-00.000016240000,-912.00000,
,,,-00.000016200000,-904.00000,
,,,-00.000016160000,-904.00000,
,,,-00.000016120000,-904.00000,
,,,-00.000016080000,-896.00000,
,,,-00.000016040000,-904.00000,
,,,-00.000016000000,-904.00000,
,,,-00.000015960000,-896.00000,
,,,-00.000015920000,-896.00000,
,,,-00.000015880000,-904.00000,
,,,-00.000015840000,-904.00000,
,,,-00.000015800000,-904.00000,
,,,-00.000015760000,-904.00000,
,,,-00.000015720000,-904.00000,
,,,-00.000015680000,-896.00000,
,,,-00.000015640000,-904.00000,
,,,-00.000015600000,-904.00000,
,,,-00.000015560000,-904.00000,
,,,-00.000015520000,-896.00000,
,,,-00.000015480000,-896.00000,
,,,-00.000015440000,-896.00000,
,,,-00.000015400000,-904.00000,
,,,-00.000015360000,-912.00000,
,,,-00.000015320000,-904.00000,
,,,-00.000015280000,-912.00000,
,,,-00.000015240000,-896.00000,
,,,-00.000015200000,-912.00000,
,,,-00.000015160000,-904.00000,
,,,-00.000015120000,-904.00000,
,,,-00.000015080000,-912.00000,
,,,-00.000015040000,-896.00000,
,,,-00.000015000000,-904.00000,
,,,-00.000014960000,-904.00000,
,,,-00.000014920000,-896.00000,
,,,-00.000014880000,-904.00000,
,,,-00.000014840000,-904.00000,
,,,-00.000014800000,-904.00000,
,,,-00.000014760000,-904.00000,
,,,-00.000014720000,-904.00000,
,,,-00.000014680000,-904.00000,
,,,-00.000014640000,-904.00000,
,,,-00.000014600000,-888.00000,
,,,-00.000014560000,-896.00000,
,,,-00.000014520000,-896.00000,
,,,-00.000014480000,-904.00000,
,,,-00.000014440000,-896.00000,
,,,-00.000014400000,-912.00000,
,,,-00.000014360000,-912.00000,
,,,-00.000014320000,-904.00000,
,,,-00.000014280000,-896.00000,
,,,-00.000014240000,-912.00000,
,,,-00.000014200000,-896.00000,
,,,-00.000014160000,-896.00000,
,,,-00.000014120000,-904.00000,
,,,-00.000014080000,-896.00000,
,,,-00.000014040000,-912.00000,
,,,-00.000014000000,-904.00000,
,,,-00.000013960000,-904.00000,
,,,-00.000013920000,-904.00000,
,,,-00.000013880000,-904.00000,
,,,-00.000013840000,-896.00000,
,,,-00.000013800000,-896.00000,
,,,-00.000013760000,-904.00000,
,,,-00.000013720000,-904.00000,
,,,-00.000013680000,-896.00000,
,,,-00.000013640000,-896.00000,
,,,-00.000013600000,-904.00000,
,,,-00.000013560000,-904.00000,
,,,-00.000013520000,-912.00000,
,,,-00.000013480000,-904.00000,
,,,-00.000013440000,-904.00000,
,,,-00.000013400000,-888.00000,
,,,-00.000013360000,-896.00000,
,,,-00.000013320000,-904.00000,
,,,-00.000013280000,-904.00000,
,,,-00.000013240000,-904.00000,
,,,-00.000013200000,-896.00000,
,,,-00.000013160000,-904.00000,
,,,-00.000013120000,-904.00000,
,,,-00.000013080000,-904.00000,
,,,-00.000013040000,-904.00000,
,,,-00.000013000000,-896.00000,
,,,-00.000012960000,-904.00000,
,,,-00.000012920000,-904.00000,
,,,-00.000012880000,-904.00000,
,,,-00.000012840000,-888.00000,
,,,-00.000012800000,-904.00000,
,,,-00.000012760000,-904.00000,
,,,-00.000012720000,-904.00000,
,,,-00.000012680000,-896.00000,
,,,-00.000012640000,-896.00000,
,,,-00.000012600000,-896.00000,
,,,-00.000012560000,-888.00000,
,,,-00.000012520000,-904.00000,
,,,-00.000012480000,-904.00000,
,,,-00.000012440000,-888.00000,
,,,-00.000012400000,-904.00000,
,,,-00.000012360000,-896.00000,
,,,-00.000012320000,-904.00000,
,,,-00.000012280000,-904.00000,
,,,-00.000012240000,-904.00000,
,,,-00.000012200000,-896.00000,
,,,-00.000012160000,-888.00000,
,,,-00.000012120000,-888.00000,
,,,-00.000012080000,-896.00000,
,,,-00.000012040000,-896.00000,
,,,-00.000012000000,-896.00000,
,,,-00.000011960000,-896.00000,
,,,-00.000011920000,-888.00000,
,,,-00.000011880000,-888.00000,
,,,-00.000011840000,-888.00000,
,,,-00.000011800000,-872.00000,
,,,-00.000011760000,-880.00000,
,,,-00.000011720000,-880.00000,
,,,-00.000011680000,-872.00000,
,,,-00.000011640000,-880.00000,
,,,-00.000011600000,-864.00000,
,,,-00.000011560000,-880.00000,
,,,-00.000011520000,-864.00000,
,,,-00.000011480000,-864.00000,
,,,-00.000011440000,-864.00000,
,,,-00.000011400000,-856.00000,
,,,-00.000011360000,-864.00000,
,,,-00.000011320000,-856.00000,
,,,-00.000011280000,-848.00000,
,,,-00.000011240000,-848.00000,
,,,-00.000011200000,-856.00000,
,,,-00.000011160000,-848.00000,
,,,-00.000011120000,-856.00000,
,,,-00.000011080000,-840.00000,
,,,-00.000011040000,-848.00000,
,,,-00.000011000000,-848.00000,
,,,-00.000010960000,-840.00000,
,,,-00.000010920000,-848.00000,
,,,-00.000010880000,-848.00000,
,,,-00.000010840000,-832.00000,
,,,-00.000010800000,-832.00000,
,,,-00.000010760000,-832.00000,
,,,-00.000010720000,-848.00000,
,,,-00.000010680000,-840.00000,
,,,-00.000010640000,-832.00000,
,,,-00.000010600000,-832.00000,
,,,-00.000010560000,-832.00000,
,,,-00.000010520000,-840.00000,
,,,-00.000010480000,-824.00000,
,,,-00.000010440000,-832.00000,
,,,-00.000010400000,-832.00000,
,,,-00.000010360000,-832.00000,
,,,-00.000010320000,-832.00000,
,,,-00.000010280000,-840.00000,
,,,-00.000010240000,-824.00000,
,,,-00.000010200000,-832.00000,
,,,-00.000010160000,-832.00000,
,,,-00.000010120000,-832.00000,
,,,-00.000010080000,-824.00000,
,,,-00.000010040000,-832.00000,
,,,-00.000010000000,-824.00000,
,,,-00.000009960000,-824.00000,
,,,-00.000009920000,-824.00000,
,,,-00.000009880000,-824.00000,
,,,-00.000009840000,-824.00000,
,,,-00.000009800000,-824.00000,
,,,-00.000009760000,-832.00000,
,,,-00.000009720000,-824.00000,
,,,-00.000009680000,-824.00000,
,,,-00.000009640000,-816.00000,
,,,-00.000009600000,-824.00000,
,,,-00.000009560000,-824.00000,
,,,-00.000009520000,-824.00000,
,,,-00.000009480000,-816.00000,
,,,-00.000009440000,-824.00000,
,,,-00.000009400000,-816.00000,
,,,-00.000009360000,-816.00000,
,,,-00.000009320000,-816.00000,
,,,-00.000009280000,-816.00000,
,,,-00.000009240000,-816.00000,
,,,-00.000009200000,-816.00000,
,,,-00.000009160000,-824.00000,
,,,-00.000009120000,-832.00000,
,,,-00.000009080000,-824.00000,
,,,-00.000009040000,-824.00000,
,,,-00.000009000000,-824.00000,
,,,-00.000008960000,-816.00000,
,,,-00.000008920000,-824.00000,
,,,-00.000008880000,-824.00000,
,,,-00.000008840000,-824.00000,
,,,-00.000008800000,-824.00000,
,,,-00.000008760000,-824.00000,
,,,-00.000008720000,-816.00000,
,,,-00.000008680000,-824.00000,
,,,-00.000008640000,-824.00000,
,,,-00.000008600000,-816.00000,
,,,-00.000008560000,-824.00000,
,,,-00.000008520000,-824.00000,
,,,-00.000008480000,-824.00000,
,,,-00.000008440000,-824.00000,
,,,-00.000008400000,-816.00000,
,,,-00.000008360000,-824.00000,
,,,-00.000008320000,-832.00000,
,,,-00.000008280000,-832.00000,
,,,-00.000008240000,-824.00000,
,,,-00.000008200000,-816.00000,
,,,-00.000008160000,-824.00000,
,,,-00.000008120000,-824.00000,
,,,-00.000008080000,-824.00000,
,,,-00.000008040000,-824.00000,
,,,-00.000008000000,-816.00000,
,,,-00.000007960000,-824.00000,
,,,-00.000007920000,-824.00000,
,,,-00.000007880000,-824.00000,
,,,-00.000007840000,-816.00000,
,,,-00.000007800000,-824.00000,
,,,-00.000007760000,-824.00000,
,,,-00.000007720000,-824.00000,
,,,-00.000007680000,-824.00000,
,,,-00.000007640000,-816.00000,
,,,-00.000007600000,-824.00000,
,,,-00.000007560000,-816.00000,
,,,-00.000007520000,-824.00000,
,,,-00.000007480000,-824.00000,
,,,-00.000007440000,-824.00000,
,,,-00.000007400000,-824.00000,
,,,-00.000007360000,-816.00000,
,,,-00.000007320000,-824.00000,
,,,-00.000007280000,-824.00000,
,,,-00.000007240000,-824.00000,
,,,-00.000007200000,-816.00000,
,,,-00.000007160000,-832.00000,
,,,-00.000007120000,-824.00000,
,,,-00.000007080000,-824.00000,
,,,-00.000007040000,-832.00000,
,,,-00.000007000000,-824.00000,
,,,-00.000006960000,-824.00000,
,,,-00.000006920000,-832.00000,
,,,-00.000006880000,-832.00000,
,,,-00.000006840000,-824.00000,
,,,-00.000006800000,-824.00000,
,,,-00.000006760000,-832.00000,
,,,-00.000006720000,-832.00000,
,,,-00.000006680000,-832.00000,
,,,-00.000006640000,-832.00000,
,,,-00.000006600000,-832.00000,
,,,-00.000006560000,-832.00000,
,,,-00.000006520000,-832.00000,
,,,-00.000006480000,-840.00000,
,,,-00.000006440000,-840.00000,
,,,-00.000006400000,-848.00000,
,,,-00.000006360000,-840.00000,
,,,-00.000006320000,-840.00000,
,,,-00.000006280000,-840.00000,
,,,-00.000006240000,-832.00000,
,,,-00.000006200000,-840.00000,
,,,-00.000006160000,-848.00000,
,,,-00.000006120000,-840.00000,
,,,-00.000006080000,-848.00000,
,,,-00.000006040000,-840.00000,
,,,-00.000006000000,-840.00000,
,,,-00.000005960000,-840.00000,
,,,-00.000005920000,-848.00000,
,,,-00.000005880000,-840.00000,
,,,-00.000005840000,-840.00000,
,,,-00.000005800000,-856.00000,
,,,-00.000005760000,-840.00000,
,,,-00.000005720000,-848.00000,
,,,-00.000005680000,-840.00000,
,,,-00.000005640000,-848.00000,
,,,-00.000005600000,-856.00000,
,,,-00.000005560000,-848.00000,
,,,-00.000005520000,-848.00000,
,,,-00.000005480000,-848.00000,
,,,-00.000005440000,-856.00000,
,,,-00.000005400000,-848.00000,
,,,-00.000005360000,-856.00000,
,,,-00.000005320000,-848.00000,
,,,-00.000005280000,-856.00000,
,,,-00.000005240000,-856.00000,
,,,-00.000005200000,-864.00000,
,,,-00.000005160000,-856.00000,
,,,-00.000005120000,-848.00000,
,,,-00.000005080000,-856.00000,
,,,-00.000005040000,-856.00000,
,,,-00.000005000000,-864.00000,
,,,-00.000004960000,-856.00000,
,,,-00.000004920000,-848.00000,
,,,-00.000004880000,-856.00000,
,,,-00.000004840000,-856.00000,
,,,-00.000004800000,-864.00000,
,,,-00.000004760000,-864.00000,
,,,-00.000004720000,-864.00000,
,,,-00.000004680000,-864.00000,
,,,-00.000004640000,-864.00000,
,,,-00.000004600000,-864.00000,
,,,-00.000004560000,-864.00000,
,,,-00.000004520000,-856.00000,
,,,-00.000004480000,-864.00000,
,,,-00.000004440000,-872.00000,
,,,-00.000004400000,-864.00000,
,,,-00.000004360000,-872.00000,
,,,-00.000004320000,-856.00000,
,,,-00.000004280000,-864.00000,
,,,-00.000004240000,-864.00000,
,,,-00.000004200000,-864.00000,
,,,-00.000004160000,-864.00000,
,,,-00.000004120000,-864.00000,
,,,-00.000004080000,-872.00000,
,,,-00.000004040000,-864.00000,
,,,-00.000004000000,-864.00000,
,,,-00.000003960000,-864.00000,
,,,-00.000003920000,-880.00000,
,,,-00.000003880000,-856.00000,
,,,-00.000003840000,-872.00000,
,,,-00.000003800000,-864.00000,
,,,-00.000003760000,-872.00000,
,,,-00.000003720000,-872.00000,
,,,-00.000003680000,-864.00000,
,,,-00.000003640000,-872.00000,
,,,-00.000003600000,-872.00000,
,,,-00.000003560000,-864.00000,
,,,-00.000003520000,-880.00000,
,,,-00.000003480000,-864.00000,
,,,-00.000003440000,-872.00000,
,,,-00.000003400000,-872.00000,
,,,-00.000003360000,-872.00000,
,,,-00.000003320000,-864.00000,
,,,-00.000003280000,-880.00000,
,,,-00.000003240000,-864.00000,
,,,-00.000003200000,-872.00000,
,,,-00.000003160000,-872.00000,
,,,-00.000003120000,-872.00000,
,,,-00.000003080000,-864.00000,
,,,-00.000003040000,-872.00000,
,,,-00.000003000000,-872.00000,
,,,-00.000002960000,-872.00000,
,,,-00.000002920000,-872.00000,
,,,-00.000002880000,-872.00000,
,,,-00.000002840000,-872.00000,
,,,-00.000002800000,-880.00000,
,,,-00.000002760000,-872.00000,
,,,-00.000002720000,-872.00000,
,,,-00.000002680000,-872.00000,
,,,-00.000002640000,-864.00000,
,,,-00.000002600000,-880.00000,
,,,-00.000002560000,-872.00000,
,,,-00.000002520000,-880.00000,
,,,-00.000002480000,-880.00000,
,,,-00.000002440000,-872.00000,
,,,-00.000002400000,-888.00000,
,,,-00.000002360000,-872.00000,
,,,-00.000002320000,-872.00000,
,,,-00.000002280000,-880.00000,
,,,-00.000002240000,-880.00000,
,,,-00.000002200000,-872.00000,
,,,-00.000002160000,-880.00000,
,,,-00.000002120000,-872.00000,
,,,-00.000002080000,-872.00000,
,,,-00.000002040000,-880.00000,
,,,-00.000002000000,-880.00000,
,,,-00.000001960000,-888.00000,
,,,-00.000001920000,-880.00000,
,,,-00.000001880000,-872.00000,
,,,-00.000001840000,-880.00000,
,,,-00.000001800000,-872.00000,
,,,-00.000001760000,-872.00000,
,,,-00.000001720000,-872.00000,
,,,-00.000001680000,-880.00000,
,,,-00.000001640000,-880.00000,
,,,-00.000001600000,-880.00000,
,,,-00.000001560000,-872.00000,
,,,-00.000001520000,-880.00000,
,,,-00.000001480000,-888.00000,
,,,-00.000001440000,-888.00000,
,,,-00.000001400000,-880.00000,
,,,-00.000001360000,-880.00000,
,,,-00.000001320000,-880.00000,
,,,-00.000001280000,-888.00000,
,,,-00.000001240000,-880.00000,
,,,-00.000001200000,-880.00000,
,,,-00.000001160000,-880.00000,
,,,-00.000001120000,-880.00000,
,,,-00.000001080000,-880.00000,
,,,-00.000001040000,-872.00000,
,,,-00.000001000000,-888.00000,
,,,-00.000000960000,-872.00000,
,,,-00.000000920000,-840.00000,
,,,-00.000000880000,-792.00000,
,,,-00.000000840000,-768.00000,
,,,-00.000000800000,-728.00000,
,,,-00.000000760000,-704.00000,
,,,-00.000000720000,-672.00000,
,,,-00.000000680000,-632.00000,
,,,-00.000000640000,-616.00000,
,,,-00.000000600000,-592.00000,
,,,-00.000000560000,-560.00000,
,,,-00.000000520000,-544.00000,
,,,-00.000000480000,-520.00000,
,,,-00.000000440000,-496.00000,
,,,-00.000000400000,-472.00000,
,,,-00.000000360000,-448.00000,
,,,-00.000000320000,-440.00000,
,,,-00.000000280000,-408.00000,
,,,-00.000000240000,-400.00000,
,,,-00.000000200000,-384.00000,
,,,-00.000000160000,-360.00000,
,,,-00.000000120000,-344.00000,
,,,-00.000000080000,-336.00000,
,,,-00.000000040000,-312.00000,
,,,-00.000000000000,-312.00000,
,,,00.000000040000,-296.00000,
,,,00.000000080000,-280.00000,
,,,00.000000120000,-264.00000,
,,,00.000000160000,-256.00000,
,,,00.000000200000,-240.00000,
,,,00.000000240000,-240.00000,
,,,00.000000280000,-224.00000,
,,,00.000000320000,-208.00000,
,,,00.000000360000,-200.00000,
,,,00.000000400000,-200.00000,
,,,00.000000440000,-192.00000,
,,,00.000000480000,-184.00000,
,,,00.000000520000,-168.00000,
,,,00.000000560000,-160.00000,
,,,00.000000600000,-160.00000,
,,,00.000000640000,-160.00000,
,,,00.000000680000,-144.00000,
,,,00.000000720000,-128.00000,
,,,00.000000760000,-136.00000,
,,,00.000000800000,-128.00000,
,,,00.000000840000,-112.00000,
,,,00.000000880000,-120.00000,
,,,00.000000920000,-112.00000,
,,,00.000000960000,-104.00000,
,,,00.000001000000,-104.00000,
,,,00.000001040000, -88.00000,
,,,00.000001080000, -96.00000,
,,,00.000001120000, -88.00000,
,,,00.000001160000, -88.00000,
,,,00.000001200000, -80.00000,
,,,00.000001240000, -80.00000,
,,,00.000001280000, -80.00000,
,,,00.000001320000, -72.00000,
,,,00.000001360000, -80.00000,
,,,00.000001400000, -64.00000,
,,,00.000001440000, -64.00000,
,,,00.000001480000, -64.00000,
,,,00.000001520000, -56.00000,
,,,00.000001560000, -56.00000,
,,,00.000001600000, -56.00000,
,,,00.000001640000, -48.00000,
,,,00.000001680000, -48.00000,
,,,00.000001720000, -48.00000,
,,,00.000001760000, -48.00000,
,,,00.000001800000, -40.00000,
,,,00.000001840000, -40.00000,
,,,00.000001880000, -48.00000,
,,,00.000001920000, -40.00000,
,,,00.000001960000, -32.00000,
,,,00.000002000000, -32.00000,
,,,00.000002040000, -32.00000,
,,,00.000002080000, -24.00000,
,,,00.000002120000, -32.00000,
,,,00.000002160000, -32.00000,
,,,00.000002200000, -24.00000,
,,,00.000002240000, -24.00000,
,,,00.000002280000, -16.00000,
,,,00.000002320000, -24.00000,
,,,00.000002360000, -24.00000,
,,,00.000002400000, -16.00000,
,,,00.000002440000, -16.00000,
,,,00.000002480000, -24.00000,
,,,00.000002520000,  -8.00000,
,,,00.000002560000, -16.00000,
,,,00.000002600000, -16.00000,
,,,00.000002640000, -16.00000,
,,,00.000002680000, -16.00000,
,,,00.000002720000, -16.00000,
,,,00.000002760000, -24.00000,
,,,00.000002800000, -16.00000,
,,,00.000002840000,  -8.00000,
,,,00.000002880000, -16.00000,
,,,00.000002920000, -16.00000,
,,,00.000002960000,  -8.00000,
,,,00.000003000000,  -8.00000,
,,,00.000003040000,  -8.00000,
,,,00.000003080000,  -8.00000,
,,,00.000003120000, -16.00000,
,,,00.000003160000,  -8.00000,
,,,00.000003200000,  -8.00000,
,,,00.000003240000,   0.00000,
,,,00.000003280000,  -8.00000,
,,,00.000003320000,  -8.00000,
,,,00.000003360000, -16.00000,
,,,00.000003400000,   8.00000,
,,,00.000003440000,  -8.00000,
,,,00.000003480000,  -8.00000,
,,,00.000003520000,  -8.00000,
,,,00.000003560000,  -8.00000,
,,,00.000003600000,  -8.00000,
,,,00.000003640000,  -8.00000,
,,,00.000003680000,   0.00000,
,,,00.000003720000,   0.00000,
,,,00.000003760000,   0.00000,
,,,00.000003800000,   0.00000,
,,,00.000003840000,   0.00000,
,,,00.000003880000,   0.00000,
,,,00.000003920000,   0.00000,
,,,00.000003960000,   0.00000,
,,,00.000004000000,   0.00000,
,,,00.000004040000,  -8.00000,
,,,00.000004080000,   0.00000,
,,,00.000004120000,  -8.00000,
,,,00.000004160000,   0.00000,
,,,00.000004200000,  -8.00000,
,,,00.000004240000,   8.00000,
,,,00.000004280000,   8.00000,
,,,00.000004320000,  -8.00000,
,,,00.000004360000,   8.00000,
,,,00.000004400000,   0.00000,
,,,00.000004440000,   0.00000,
,,,00.000004480000,   0.00000,
,,,00.000004520000,   8.00000,
,,,00.000004560000,   0.00000,
,,,00.000004600000,   0.00000,
,,,00.000004640000,   0.00000,
,,,00.000004680000,   8.00000,
,,,00.000004720000,  -8.00000,
,,,00.000004760000,   0.00000,
,,,00.000004800000,   8.00000,
,,,00.000004840000,   0.00000,
,,,00.000004880000,   0.00000,
,,,00.000004920000,   8.00000,
,,,00.000004960000,   8.00000,
,,,00.000005000000,   0.00000,
,,,00.000005040000,   8.00000,
,,,00.000005080000,   0.00000,
,,,00.000005120000,   8.00000,
,,,00.000005160000,   0.00000,
,,,00.000005200000,   8.00000,
,,,00.000005240000,   8.00000,
,,,00.000005280000,  16.00000,
,,,00.000005320000,   0.00000,
,,,00.000005360000,   8.00000,
,,,00.000005400000,   8.00000,
,,,00.000005440000,   8.00000,
,,,00.000005480000,   8.00000,
,,,00.000005520000,   8.00000,
,,,00.000005560000,   8.00000,
,,,00.000005600000,   0.00000,
,,,00.000005640000,   8.00000,
,,,00.000005680000,   0.00000,
,,,00.000005720000,   8.00000,
,,,00.000005760000,   8.00000,
,,,00.000005800000,   0.00000,
,,,00.000005840000,   0.00000,
,,,00.000005880000,   8.00000,
,,,00.000005920000,   8.00000,
,,,00.000005960000,   8.00000,
,,,00.000006000000,   8.00000,
,,,00.000006040000,   8.00000,
,,,00.000006080000,   0.00000,
,,,00.000006120000,   0.00000,
,,,00.000006160000,  16.00000,
,,,00.000006200000,   8.00000,
,,,00.000006240000,  16.00000,
,,,00.000006280000,   0.00000,
,,,00.000006320000,   0.00000,
,,,00.000006360000,   8.00000,
,,,00.000006400000,   8.00000,
,,,00.000006440000,   8.00000,
,,,00.000006480000,   8.00000,
,,,00.000006520000,   8.00000,
,,,00.000006560000,   8.00000,
,,,00.000006600000,  16.00000,
,,,00.000006640000,   8.00000,
,,,00.000006680000,   8.00000,
,,,00.000006720000,  16.00000,
,,,00.000006760000,  16.00000,
,,,00.000006800000,  16.00000,
,,,00.000006840000,   8.00000,
,,,00.000006880000,   8.00000,
,,,00.000006920000,   8.00000,
,,,00.000006960000,   8.00000,
,,,00.000007000000,   8.00000,
,,,00.000007040000,   8.00000,
,,,00.000007080000,   8.00000,
,,,00.000007120000,  16.00000,
,,,00.000007160000,   8.00000,
,,,00.000007200000,   0.00000,
,,,00.000007240000,   8.00000,
,,,00.000007280000,   8.00000,
,,,00.000007320000,   8.00000,
,,,00.000007360000,   8.00000,
,,,00.000007400000,   0.00000,
,,,00.000007440000,   8.00000,
,,,00.000007480000,   8.00000,
,,,00.000007520000,   8.00000,
,,,00.000007560000,   0.00000,
,,,00.000007600000,   0.00000,
,,,00.000007640000,   0.00000,
,,,00.000007680000,   8.00000,
,,,00.000007720000,   8.00000,
,,,00.000007760000,  16.00000,
,,,00.000007800000,  16.00000,
,,,00.000007840000,   0.00000,
,,,00.000007880000,   8.00000,
,,,00.000007920000,   8.00000,
,,,00.000007960000,   8.00000,
,,,00.000008000000,   8.00000,
,,,00.000008040000,  16.00000,
,,,00.000008080000,  16.00000,
,,,00.000008120000,  16.00000,
,,,00.000008160000,   0.00000,
,,,00.000008200000,  16.00000,
,,,00.000008240000,   8.00000,
,,,00.000008280000,   8.00000,
,,,00.000008320000,   8.00000,
,,,00.000008360000,   8.00000,
,,,00.000008400000,   0.00000,
,,,00.000008440000,  16.00000,
,,,00.000008480000,  16.00000,
,,,00.000008520000,   8.00000,
,,,00.000008560000,   8.00000,
,,,00.000008600000,   8.00000,
,,,00.000008640000,  16.00000,
,,,00.000008680000,   8.00000,
,,,00.000008720000,   8.00000,
,,,00.000008760000,   8.00000,
,,,00.000008800000,   8.00000,
,,,00.000008840000,   8.00000,
,,,00.000008880000,  16.00000,
,,,00.000008920000,   8.00000,
,,,00.000008960000,   8.00000,
,,,00.000009000000,   8.00000,
,,,00.000009040000,   8.00000,
,,,00.000009080000,   8.00000,
,,,00.000009120000,   0.00000,
,,,00.000009160000,  16.00000,
,,,00.000009200000,   8.00000,
,,,00.000009240000,  16.00000,
,,,00.000009280000,   8.00000,
,,,00.000009320000,   8.00000,
,,,00.000009360000,  16.00000,
,,,00.000009400000,   8.00000,
,,,00.000009440000,  16.00000,
,,,00.000009480000,   8.00000,
,,,00.000009520000,   8.00000,
,,,00.000009560000,  16.00000,
,,,00.000009600000,  16.00000,
,,,00.000009640000,   8.00000,
,,,00.000009680000,   8.00000,
,,,00.000009720000,   8.00000,
,,,00.000009760000,  16.00000,
,,,00.000009800000,   8.00000,
,,,00.000009840000,   8.00000,
,,,00.000009880000,   8.00000,
,,,00.000009920000,   8.00000,
,,,00.000009960000,  16.00000,
,,,00.000010000000,   8.00000,
,,,00.000010040000,   8.00000,
,,,00.000010080000,   8.00000,
,,,00.000010120000,   8.00000,
,,,00.000010160000,   8.00000,
,,,00.000010200000,   8.00000,
,,,00.000010240000,   0.00000,
,,,00.000010280000,   0.00000,
,,,00.000010320000,   8.00000,
,,,00.000010360000,  16.00000,
,,,00.000010400000,   8.00000,
,,,00.000010440000,  16.00000,
,,,00.000010480000,   8.00000,
,,,00.000010520000,  16.00000,
,,,00.000010560000,  16.00000,
,,,00.000010600000,   8.00000,
,,,00.000010640000,  16.00000,
,,,00.000010680000,   8.00000,
,,,00.000010720000,   8.00000,
,,,00.000010760000,   8.00000,
,,,00.000010800000,  16.00000,
,,,00.000010840000,  16.00000,
,,,00.000010880000,   8.00000,
,,,00.000010920000,   8.00000,
,,,00.000010960000,  24.00000,
,,,00.000011000000,   8.00000,
,,,00.000011040000,   8.00000,
,,,00.000011080000,  16.00000,
,,,00.000011120000,  16.00000,
,,,00.000011160000,   8.00000,
,,,00.000011200000,  16.00000,
,,,00.000011240000,  16.00000,
,,,00.000011280000,   8.00000,
,,,00.000011320000,  16.00000,
,,,00.000011360000,  16.00000,
,,,00.000011400000,   8.00000,
,,,00.000011440000,   8.00000,
,,,00.000011480000,   8.00000,
,,,00.000011520000,   8.00000,
,,,00.000011560000,  16.00000,
,,,00.000011600000,  16.00000,
,,,00.000011640000,  16.00000,
,,,00.000011680000,   8.00000,
,,,00.000011720000,  16.00000,
,,,00.000011760000,   8.00000,
,,,00.000011800000,  16.00000,
,,,00.000011840000,  16.00000,
,,,00.000011880000,   8.00000,
,,,00.000011920000,   8.00000,
,,,00.000011960000,   8.00000,
,,,00.000012000000,  16.00000,
,,,00.000012040000,   8.00000,
,,,00.000012080000,   0.00000,
,,,00.000012120000,   8.00000,
,,,00.000012160000,  16.00000,
,,,00.000012200000,   8.00000,
,,,00.000012240000,   8.00000,
,,,00.000012280000,  16.00000,
,,,00.000012320000,  16.00000,
,,,00.000012360000,   0.00000,
,,,00.000012400000,  16.00000,
,,,00.000012440000,   0.00000,
,,,00.000012480000,   8.00000,
,,,00.000012520000,  16.00000,
,,,00.000012560000,   8.00000,
,,,00.000012600000,  16.00000,
,,,00.000012640000,   8.00000,
,,,00.000012680000,   8.00000,
,,,00.000012720000,  16.00000,
,,,00.000012760000,   8.00000,
,,,00.000012800000,   8.00000,
,,,00.000012840000,  16.00000,
,,,00.000012880000,   8.00000,
,,,00.000012920000,   8.00000,
,,,00.000012960000,   8.00000,
,,,00.000013000000,  16.00000,
,,,00.000013040000,  16.00000,
,,,00.000013080000,   8.00000,
,,,00.000013120000,  24.00000,
,,,00.000013160000,   8.00000,
,,,00.000013200000,  16.00000,
,,,00.000013240000,   8.00000,
,,,00.000013280000,   8.00000,
,,,00.000013320000,  16.00000,
,,,00.000013360000,   8.00000,
,,,00.000013400000,   8.00000,
,,,00.000013440000,   8.00000,
,,,00.000013480000,   8.00000,
,,,00.000013520000,   0.00000,
,,,00.000013560000,   8.00000,
,,,00.000013600000,   8.00000,
,,,00.000013640000,  16.00000,
,,,00.000013680000,   8.00000,
,,,00.000013720000,   8.00000,
,,,00.000013760000,   8.00000,
,,,00.000013800000,   0.00000,
,,,00.000013840000,  16.00000,
,,,00.000013880000,  16.00000,
,,,00.000013920000,  16.00000,
,,,00.000013960000,   8.00000,
,,,00.000014000000,   8.00000,
,,,00.000014040000,  16.00000,
,,,00.000014080000,  16.00000,
,,,00.000014120000,   8.00000,
,,,00.000014160000,  16.00000,
,,,00.000014200000,   0.00000,
,,,00.000014240000,   8.00000,
,,,00.000014280000,   8.00000,
,,,00.000014320000,   8.00000,
,,,00.000014360000,   8.00000,
,,,00.000014400000,   8.00000,
,,,00.000014440000,   8.00000,
,,,00.000014480000,   8.00000,
,,,00.000014520000,  16.00000,
,,,00.000014560000,   8.00000,
,,,00.000014600000,  16.00000,
,,,00.000014640000,   8.00000,
,,,00.000014680000,   8.00000,
,,,00.000014720000,   8.00000,
,,,00.000014760000,  16.00000,
,,,00.000014800000,   8.00000,
,,,00.000014840000,   0.00000,
,,,00.000014880000,  16.00000,
,,,00.000014920000,   8.00000,
,,,00.000014960000,  16.00000,
,,,00.000015000000,   8.00000,
,,,00.000015040000,   8.00000,
,,,00.000015080000,  16.00000,
,,,00.000015120000,  16.00000,
,,,00.000015160000,   0.00000,
,,,00.000015200000,   8.00000,
,,,00.000015240000,   0.00000,
,,,00.000015280000,   8.00000,
,,,00.000015320000,   8.00000,
,,,00.000015360000,   8.00000,
,,,00.000015400000,   0.00000,
,,,00.000015440000,   8.00000,
,,,00.000015480000,   8.00000,
,,,00.000015520000,   8.00000,
,,,00.000015560000,   8.00000,
,,,00.000015600000,   8.00000,
,,,00.000015640000,  16.00000,
,,,00.000015680000,  16.00000,
,,,00.000015720000,  16.00000,
,,,00.000015760000,  16.00000,
,,,00.000015800000,   8.00000,
,,,00.000015840000,   8.00000,
,,,00.000015880000,   8.00000,
,,,00.000015920000,   8.00000,
,,,00.000015960000,  16.00000,
,,,00.000016000000,   8.00000,
,,,00.000016040000,   8.00000,
,,,00.000016080000,   8.00000,
,,,00.000016120000,  16.00000,
,,,00.000016160000,   8.00000,
,,,00.000016200000,   8.00000,
,,,00.000016240000,   0.00000,
,,,00.000016280000,   8.00000,
,,,00.000016320000,   8.00000,
,,,00.000016360000,   8.00000,
,,,00.000016400000,  16.00000,
,,,00.000016440000,   0.00000,
,,,00.000016480000,   8.00000,
,,,00.000016520000,   8.00000,
,,,00.000016560000,  16.00000,
,,,00.000016600000,  16.00000,
,,,00.000016640000,   8.00000,
,,,00.000016680000,   8.00000,
,,,00.000016720000,   8.00000,
,,,00.000016760000,   0.00000,
,,,00.000016800000,   8.00000,
,,,00.000016840000,   8.00000,
,,,00.000016880000,   8.00000,
,,,00.000016920000,   0.00000,
,,,00.000016960000,   8.00000,
,,,00.000017000000,   8.00000,
,,,00.000017040000,   8.00000,
,,,00.000017080000,  16.00000,
,,,00.000017120000,   0.00000,
,,,00.000017160000,  16.00000,
,,,00.000017200000,  16.00000,
,,,00.000017240000,   8.00000,
,,,00.000017280000,  16.00000,
,,,00.000017320000,   8.00000,
,,,00.000017360000,  16.00000,
,,,00.000017400000,  16.00000,
,,,00.000017440000,   8.00000,
,,,00.000017480000,   8.00000,
,,,00.000017520000,   8.00000,
,,,00.000017560000,   8.00000,
,,,00.000017600000,  16.00000,
,,,00.000017640000,   0.00000,
,,,00.000017680000,   8.00000,
,,,00.000017720000,   0.00000,
,,,00.000017760000,   8.00000,
,,,00.000017800000,   8.00000,
,,,00.000017840000,   8.00000,
,,,00.000017880000,  16.00000,
,,,00.000017920000,   8.00000,
,,,00.000017960000,   0.00000,
,,,00.000018000000,   8.00000,
,,,00.000018040000,   8.00000,
,,,00.000018080000,   8.00000,
,,,00.000018120000,   8.00000,
,,,00.000018160000,   0.00000,
,,,00.000018200000,   0.00000,
,,,00.000018240000,   8.00000,
,,,00.000018280000,  16.00000,
,,,00.000018320000,   8.00000,
,,,00.000018360000,   8.00000,
,,,00.000018400000,  16.00000,
,,,00.000018440000,  16.00000,
,,,00.000018480000,   8.00000,
,,,00.000018520000,   8.00000,
,,,00.000018560000,   8.00000,
,,,00.000018600000,   8.00000,
,,,00.000018640000,   8.00000,
,,,00.000018680000,   8.00000,
,,,00.000018720000,   8.00000,
,,,00.000018760000,   0.00000,
,,,00.000018800000,   8.00000,
,,,00.000018840000,   8.00000,
,,,00.000018880000,   8.00000,
,,,00.000018920000,  16.00000,
,,,00.000018960000,   8.00000,
,,,00.000019000000,  16.00000,
,,,00.000019040000,   8.00000,
,,,00.000019080000,  16.00000,
,,,00.000019120000,   0.00000,
,,,00.000019160000,  16.00000,
,,,00.000019200000,   0.00000,
,,,00.000019240000,   8.00000,
,,,00.000019280000,   0.00000,
,,,00.000019320000,   8.00000,
,,,00.000019360000,   8.00000,
,,,00.000019400000,   8.00000,
,,,00.000019440000,  16.00000,
,,,00.000019480000,  16.00000,
,,,00.000019520000,   8.00000,
,,,00.000019560000,   8.00000,
,,,00.000019600000,   8.00000,
,,,00.000019640000,  16.00000,
,,,00.000019680000,   8.00000,
,,,00.000019720000,   8.00000,
,,,00.000019760000,   8.00000,
,,,00.000019800000,   0.00000,
,,,00.000019840000,   0.00000,
,,,00.000019880000,   0.00000,
,,,00.000019920000,   8.00000,
,,,00.000019960000,   8.00000,
,,,00.000020000000,   8.00000,
,,,00.000020040000,   8.00000,
,,,00.000020080000,   8.00000,
,,,00.000020120000,   8.00000,
,,,00.000020160000,   8.00000,
,,,00.000020200000,   8.00000,
,,,00.000020240000,   8.00000,
,,,00.000020280000,   8.00000,
,,,00.000020320000,   8.00000,
,,,00.000020360000,   8.00000,
,,,00.000020400000,   8.00000,
,,,00.000020440000,   8.00000,
,,,00.000020480000,   8.00000,
,,,00.000020520000,  16.00000,
,,,00.000020560000,   8.00000,
,,,00.000020600000,   8.00000,
,,,00.000020640000,   0.00000,
,,,00.000020680000,   8.00000,
,,,00.000020720000,   8.00000,
,,,00.000020760000,   8.00000,
,,,00.000020800000,   8.00000,
,,,00.000020840000,   0.00000,
,,,00.000020880000,   0.00000,
,,,00.000020920000,   0.00000,
,,,00.000020960000,   8.00000,
,,,00.000021000000,   8.00000,
,,,00.000021040000,   8.00000,
,,,00.000021080000,   8.00000,
,,,00.000021120000,   8.00000,
,,,00.000021160000,   8.00000,
,,,00.000021200000,   8.00000,
,,,00.000021240000,   8.00000,
,,,00.000021280000,   8.00000,
,,,00.000021320000,   8.00000,
,,,00.000021360000,   8.00000,
,,,00.000021400000,   0.00000,
,,,00.000021440000,   8.00000,
,,,00.000021480000,   8.00000,
,,,00.000021520000,   0.00000,
,,,00.000021560000,  16.00000,
,,,00.000021600000,   0.00000,
,,,00.000021640000,   8.00000,
,,,00.000021680000,   8.00000,
,,,00.000021720000,   8.00000,
,,,00.000021760000,   8.00000,
,,,00.000021800000,   0.00000,
,,,00.000021840000,   8.00000,
,,,00.000021880000,   8.00000,
,,,00.000021920000,  -8.00000,
,,,00.000021960000,   0.00000,
,,,00.000022000000,  16.00000,
,,,00.000022040000,   8.00000,
,,,00.000022080000,   8.00000,
,,,00.000022120000,  -8.00000,
,,,00.000022160000,   0.00000,
,,,00.000022200000,   8.00000,
,,,00.000022240000,   8.00000,
,,,00.000022280000,   8.00000,
,,,00.000022320000,   8.00000,
,,,00.000022360000,   8.00000,
,,,00.000022400000,   0.00000,
,,,00.000022440000,   8.00000,
,,,00.000022480000,   0.00000,
,,,00.000022520000,   0.00000,
,,,00.000022560000,   0.00000,
,,,00.000022600000,   8.00000,
,,,00.000022640000,   8.00000,
,,,00.000022680000,   8.00000,
,,,00.000022720000,   0.00000,
,,,00.000022760000,   8.00000,
,,,00.000022800000,   8.00000,
,,,00.000022840000,   8.00000,
,,,00.000022880000,   8.00000,
,,,00.000022920000,   8.00000,
,,,00.000022960000,   8.00000,
,,,00.000023000000,   0.00000,
,,,00.000023040000,   8.00000,
,,,00.000023080000,   0.00000,
,,,00.000023120000,   8.00000,
,,,00.000023160000,   0.00000,
,,,00.000023200000,   8.00000,
,,,00.000023240000,   0.00000,
,,,00.000023280000,   8.00000,
,,,00.000023320000,   0.00000,
,,,00.000023360000,   8.00000,
,,,00.000023400000,   8.00000,
,,,00.000023440000,   0.00000,
,,,00.000023480000,   8.00000,
,,,00.000023520000,   8.00000,
,,,00.000023560000,   8.00000,
,,,00.000023600000,   0.00000,
,,,00.000023640000,   0.00000,
,,,00.000023680000,   8.00000,
,,,00.000023720000,   8.00000,
,,,00.000023760000,   0.00000,
,,,00.000023800000,   0.00000,
,,,00.000023840000,   0.00000,
,,,00.000023880000,  16.00000,
,,,00.000023920000,   8.00000,
,,,00.000023960000,   0.00000,
,,,00.000024000000,   0.00000,
,,,00.000024040000,   0.00000,
,,,00.000024080000,   8.00000,
,,,00.000024120000,   0.00000,
,,,00.000024160000,   8.00000,
,,,00.000024200000,   0.00000,
,,,00.000024240000,   0.00000,
,,,00.000024280000,   8.00000,
,,,00.000024320000,   8.00000,
,,,00.000024360000,   0.00000,
,,,00.000024400000,   0.00000,
,,,00.000024440000,   8.00000,
,,,00.000024480000,   8.00000,
,,,00.000024520000,   0.00000,
,,,00.000024560000,  -8.00000,
,,,00.000024600000,   8.00000,
,,,00.000024640000,   8.00000,
,,,00.000024680000,   8.00000,
,,,00.000024720000,   8.00000,
,,,00.000024760000,   8.00000,
,,,00.000024800000,   0.00000,
,,,00.000024840000,   8.00000,
,,,00.000024880000,   8.00000,
,,,00.000024920000,   8.00000,
,,,00.000024960000,   0.00000,
,,,00.000025000000,   8.00000,
,,,00.000025040000,   0.00000,
,,,00.000025080000,  16.00000,
,,,00.000025120000,  16.00000,
,,,00.000025160000,   0.00000,
,,,00.000025200000,   0.00000,
,,,00.000025240000,   8.00000,
,,,00.000025280000,   8.00000,
,,,00.000025320000,   8.00000,
,,,00.000025360000,   8.00000,
,,,00.000025400000,   8.00000,
,,,00.000025440000,   8.00000,
,,,00.000025480000,   0.00000,
,,,00.000025520000,   0.00000,
,,,00.000025560000,   8.00000,
,,,00.000025600000,   0.00000,
,,,00.000025640000,   0.00000,
,,,00.000025680000,   8.00000,
,,,00.000025720000,   8.00000,
,,,00.000025760000,   0.00000,
,,,00.000025800000,   0.00000,
,,,00.000025840000,   8.00000,
,,,00.000025880000,  -8.00000,
,,,00.000025920000,   0.00000,
,,,00.000025960000,   8.00000,
,,,00.000026000000,   8.00000,
,,,00.000026040000,   0.00000,
,,,00.000026080000,   8.00000,
,,,00.000026120000,   0.00000,
,,,00.000026160000,   0.00000,
,,,00.000026200000,   8.00000,
,,,00.000026240000,   8.00000,
,,,00.000026280000,   0.00000,
,,,00.000026320000,   8.00000,
,,,00.000026360000,   0.00000,
,,,00.000026400000,   8.00000,
,,,00.000026440000,  -8.00000,
,,,00.000026480000,   8.00000,
,,,00.000026520000,   8.00000,
,,,00.000026560000,   8.00000,
,,,00.000026600000,   0.00000,
,,,00.000026640000,   0.00000,
,,,00.000026680000,  -8.00000,
,,,00.000026720000,   8.00000,
,,,00.000026760000,   0.00000,
,,,00.000026800000,  16.00000,
,,,00.000026840000,   8.00000,
,,,00.000026880000,   8.00000,
,,,00.000026920000,   0.00000,
,,,00.000026960000,   8.00000,
,,,00.000027000000,   8.00000,
,,,00.000027040000,   0.00000,
,,,00.000027080000,   8.00000,
,,,00.000027120000,  -8.00000,
,,,00.000027160000,   8.00000,
,,,00.000027200000,   0.00000,
,,,00.000027240000,   0.00000,
,,,00.000027280000,   0.00000,
,,,00.000027320000,   0.00000,
,,,00.000027360000,   8.00000,
,,,00.000027400000,   8.00000,
,,,00.000027440000,   8.00000,
,,,00.000027480000,   8.00000,
,,,00.000027520000,   8.00000,
,,,00.000027560000,   0.00000,
,,,00.000027600000,   8.00000,
,,,00.000027640000,   8.00000,
,,,00.000027680000,   0.00000,
,,,00.000027720000,   0.00000,
,,,00.000027760000,   0.00000,
,,,00.000027800000,   0.00000,
,,,00.000027840000,   8.00000,
,,,00.000027880000,   0.00000,
,,,00.000027920000,   0.00000,
,,,00.000027960000,   0.00000,
,,,00.000028000000,   8.00000,
,,,00.000028040000,   8.00000,
,,,00.000028080000,   0.00000,
,,,00.000028120000,   0.00000,
,,,00.000028160000,   8.00000,
,,,00.000028200000,   8.00000,
,,,00.000028240000,   8.00000,
,,,00.000028280000,   0.00000,
,,,00.000028320000,   8.00000,
,,,00.000028360000,   0.00000,
,,,00.000028400000,   8.00000,
,,,00.000028440000,   0.00000,
,,,00.000028480000,   0.00000,
,,,00.000028520000,   8.00000,
,,,00.000028560000,   8.00000,
,,,00.000028600000,   8.00000,
,,,00.000028640000,   8.00000,
,,,00.000028680000,   0.00000,
,,,00.000028720000,   0.00000,
,,,00.000028760000,   0.00000,
,,,00.000028800000,   0.00000,
,,,00.000028840000,   0.00000,
,,,00.000028880000,   0.00000,
,,,00.000028920000,   0.00000,
,,,00.000028960000,   8.00000,
,,,00.000029000000,   0.00000,
,,,00.000029040000,  16.00000,
,,,00.000029080000,   8.00000,
,,,00.000029120000,   0.00000,
,,,00.000029160000,   0.00000,
,,,00.000029200000,   0.00000,
,,,00.000029240000,   8.00000,
,,,00.000029280000,   8.00000,
,,,00.000029320000,   8.00000,
,,,00.000029360000,   8.00000,
,,,00.000029400000,   0.00000,
,,,00.000029440000,   0.00000,
,,,00.000029480000,   8.00000,
,,,00.000029520000,   8.00000,
,,,00.000029560000,   8.00000,
,,,00.000029600000,   0.00000,
,,,00.000029640000,   0.00000,
,,,00.000029680000,   8.00000,
,,,00.000029720000,   0.00000,
,,,00.000029760000,   0.00000,
,,,00.000029800000,   8.00000,
,,,00.000029840000,  -8.00000,
,,,00.000029880000,   0.00000,
,,,00.000029920000,   8.00000,
,,,00.000029960000,   8.00000,
,,,00.000030000000,   0.00000,
,,,00.000030040000,   8.00000,
,,,00.000030080000,   0.00000,
,,,00.000030120000,   0.00000,
,,,00.000030160000,   8.00000,
,,,00.000030200000,   0.00000,
,,,00.000030240000,  -8.00000,
,,,00.000030280000,   0.00000,
,,,00.000030320000,   0.00000,
,,,00.000030360000,   8.00000,
,,,00.000030400000,   0.00000,
,,,00.000030440000,   0.00000,
,,,00.000030480000,   8.00000,
,,,00.000030520000,   8.00000,
,,,00.000030560000,   8.00000,
,,,00.000030600000,   8.00000,
,,,00.000030640000,   0.00000,
,,,00.000030680000,   0.00000,
,,,00.000030720000,   8.00000,
,,,00.000030760000,   8.00000,
,,,00.000030800000,   0.00000,
,,,00.000030840000,   8.00000,
,,,00.000030880000,   8.00000,
,,,00.000030920000,   8.00000,
,,,00.000030960000,  16.00000,
,,,00.000031000000,   8.00000,
,,,00.000031040000,   8.00000,
,,,00.000031080000,   0.00000,
,,,00.000031120000,   8.00000,
,,,00.000031160000,   0.00000,
,,,00.000031200000,   0.00000,
,,,00.000031240000,  -8.00000,
,,,00.000031280000,   8.00000,
,,,00.000031320000,   0.00000,
,,,00.000031360000,   8.00000,
,,,00.000031400000,   8.00000,
,,,00.000031440000,   8.00000,
,,,00.000031480000,   0.00000,
,,,00.000031520000,   8.00000,
,,,00.000031560000,   0.00000,
,,,00.000031600000,   8.00000,
,,,00.000031640000,   0.00000,
,,,00.000031680000,   0.00000,
,,,00.000031720000,   0.00000,
,,,00.000031760000,   0.00000,
,,,00.000031800000,   0.00000,
,,,00.000031840000,   8.00000,
,,,00.000031880000,   0.00000,
,,,00.000031920000,  -8.00000,
,,,00.000031960000,   0.00000,
,,,00.000032000000,   8.00000,
,,,00.000032040000,   0.00000,
,,,00.000032080000,  16.00000,
,,,00.000032120000,   8.00000,
,,,00.000032160000,   0.00000,
,,,00.000032200000,   0.00000,
,,,00.000032240000,   8.00000,
,,,00.000032280000,   8.00000,
,,,00.000032320000,   8.00000,
,,,00.000032360000,   8.00000,
,,,00.000032400000,   8.00000,
,,,00.000032440000,   0.00000,
,,,00.000032480000,  -8.00000,
,,,00.000032520000,   0.00000,
,,,00.000032560000,   0.00000,
,,,00.000032600000,   0.00000,
,,,00.000032640000,   8.00000,
,,,00.000032680000,   0.00000,
,,,00.000032720000,   0.00000,
,,,00.000032760000,   0.00000,
,,,00.000032800000,   0.00000,
,,,00.000032840000,   8.00000,
,,,00.000032880000,   8.00000,
,,,00.000032920000,   8.00000,
,,,00.000032960000,   0.00000,
,,,00.000033000000,   8.00000,
,,,00.000033040000,   0.00000,
,,,00.000033080000,   0.00000,
,,,00.000033120000,   0.00000,
,,,00.000033160000,   0.00000,
,,,00.000033200000,   0.00000,
,,,00.000033240000,   0.00000,
,,,00.000033280000,  -8.00000,
,,,00.000033320000,   8.00000,
,,,00.000033360000,   0.00000,
,,,00.000033400000,   0.00000,
,,,00.000033440000,   0.00000,
,,,00.000033480000,   0.00000,
,,,00.000033520000,   0.00000,
,,,00.000033560000,   0.00000,
,,,00.000033600000,   0.00000,
,,,00.000033640000,   0.00000,
,,,00.000033680000,   0.00000,
,,,00.000033720000,   8.00000,
,,,00.000033760000,   8.00000,
,,,00.000033800000,   0.00000,
,,,00.000033840000,   0.00000,
,,,00.000033880000,   8.00000,
,,,00.000033920000,   0.00000,
,,,00.000033960000,   0.00000,
,,,00.000034000000,   0.00000,
,,,00.000034040000,   0.00000,
,,,00.000034080000,   0.00000,
,,,00.000034120000,   8.00000,
,,,00.000034160000,   8.00000,
,,,00.000034200000,   0.00000,
,,,00.000034240000,   8.00000,
,,,00.000034280000,   8.00000,
,,,00.000034320000,   0.00000,
,,,00.000034360000,   0.00000,
,,,00.000034400000,   0.00000,
,,,00.000034440000,   8.00000,
,,,00.000034480000,   8.00000,
,,,00.000034520000,  16.00000,
,,,00.000034560000,   8.00000,
,,,00.000034600000,   0.00000,
,,,00.000034640000,   0.00000,
,,,00.000034680000,   0.00000,
,,,00.000034720000,   8.00000,
,,,00.000034760000,   8.00000,
,,,00.000034800000,   0.00000,
,,,00.000034840000,   8.00000,
,,,00.000034880000,   8.00000,
,,,00.000034920000,   8.00000,
,,,00.000034960000,   0.00000,
,,,00.000035000000,   0.00000,
,,,00.000035040000,   0.00000,
,,,00.000035080000,   8.00000,
,,,00.000035120000,   0.00000,
,,,00.000035160000,   0.00000,
,,,00.000035200000,   0.00000,
,,,00.000035240000,   0.00000,
,,,00.000035280000,   0.00000,
,,,00.000035320000,   0.00000,
,,,00.000035360000,   8.00000,
,,,00.000035400000,   0.00000,
,,,00.000035440000,   0.00000,
,,,00.000035480000,   0.00000,
,,,00.000035520000,   0.00000,
,,,00.000035560000,  16.00000,
,,,00.000035600000,   0.00000,
,,,00.000035640000,   0.00000,
,,,00.000035680000,   0.00000,
,,,00.000035720000,   0.00000,
,,,00.000035760000,   8.00000,
,,,00.000035800000,   8.00000,
,,,00.000035840000,   0.00000,
,,,00.000035880000,   0.00000,
,,,00.000035920000,   0.00000,
,,,00.000035960000,   0.00000,
,,,00.000036000000,   0.00000,
,,,00.000036040000,   0.00000,
,,,00.000036080000,   0.00000,
,,,00.000036120000,   0.00000,
,,,00.000036160000,   8.00000,
,,,00.000036200000,   0.00000,
,,,00.000036240000,  -8.00000,
,,,00.000036280000,   8.00000,
,,,00.000036320000,   0.00000,
,,,00.000036360000,   0.00000,
,,,00.000036400000,   0.00000,
,,,00.000036440000,   0.00000,
,,,00.000036480000,   0.00000,
,,,00.000036520000,   0.00000,
,,,00.000036560000,   8.00000,
,,,00.000036600000,   0.00000,
,,,00.000036640000,   0.00000,
,,,00.000036680000,   0.00000,
,,,00.000036720000,   0.00000,
,,,00.000036760000,   0.00000,
,,,00.000036800000,   0.00000,
,,,00.000036840000,   8.00000,
,,,00.000036880000,   8.00000,
,,,00.000036920000,   8.00000,
,,,00.000036960000,   0.00000,
,,,00.000037000000,  -8.00000,
,,,00.000037040000,  -8.00000,
,,,00.000037080000,   8.00000,
,,,00.000037120000,   8.00000,
,,,00.000037160000,   8.00000,
,,,00.000037200000,   8.00000,
,,,00.000037240000,   0.00000,
,,,00.000037280000,   0.00000,
,,,00.000037320000,   0.00000,
,,,00.000037360000,   0.00000,
,,,00.000037400000,   8.00000,
,,,00.000037440000,   0.00000,
,,,00.000037480000,   8.00000,
,,,00.000037520000,   8.00000,
,,,00.000037560000,   8.00000,
,,,00.000037600000,   0.00000,
,,,00.000037640000,   0.00000,
,,,00.000037680000,   8.00000,
,,,00.000037720000,   0.00000,
,,,00.000037760000,  -8.00000,
,,,00.000037800000,   0.00000,
,,,00.000037840000,   8.00000,
,,,00.000037880000,   8.00000,
,,,00.000037920000,   0.00000,
,,,00.000037960000,   0.00000,
,,,00.000038000000,   0.00000,
,,,00.000038040000,   0.00000,
,,,00.000038080000,   8.00000,
,,,00.000038120000,   0.00000,
,,,00.000038160000,   8.00000,
,,,00.000038200000,   0.00000,
,,,00.000038240000,   8.00000,
,,,00.000038280000,   0.00000,
,,,00.000038320000,  -8.00000,
,,,00.000038360000,   8.00000,
,,,00.000038400000,   8.00000,
,,,00.000038440000,   8.00000,
,,,00.000038480000,   8.00000,
,,,00.000038520000,   0.00000,
,,,00.000038560000,   0.00000,
,,,00.000038600000,   8.00000,
,,,00.000038640000,   8.00000,
,,,00.000038680000,   8.00000,
,,,00.000038720000,   0.00000,
,,,00.000038760000,   0.00000,
,,,00.000038800000,   8.00000,
,,,00.000038840000,  -8.00000,
,,,00.000038880000,   8.00000,
,,,00.000038920000,   0.00000,
,,,00.000038960000,   0.00000,
,,,00.000039000000,   0.00000,
,,,00.000039040000,   8.00000,
,,,00.000039080000,   0.00000,
,,,00.000039120000,   0.00000,
,,,00.000039160000,   0.00000,
,,,00.000039200000,   0.00000,
,,,00.000039240000,   0.00000,
,,,00.000039280000,   0.00000,
,,,00.000039320000,   0.00000,
,,,00.000039360000,   0.00000,
,,,00.000039400000,   8.00000,
,,,00.000039440000,   8.00000,
,,,00.000039480000,   0.00000,
,,,00.000039520000,   0.00000,
,,,00.000039560000,   8.00000,
,,,00.000039600000,   0.00000,
,,,00.000039640000,   0.00000,
,,,00.000039680000,  -8.00000,
,,,00.000039720000,   8.00000,
,,,00.000039760000,   0.00000,
,,,00.000039800000,   8.00000,
,,,00.000039840000,  -8.00000,
,,,00.000039880000,   0.00000,
,,,00.000039920000,   8.00000,
,,,00.000039960000,   0.00000,
,,,00.000040000000,   0.00000,
,,,00.000040040000,   0.00000,
,,,00.000040080000,   0.00000,
,,,00.000040120000,   8.00000,
,,,00.000040160000,   0.00000,
,,,00.000040200000,   0.00000,
,,,00.000040240000,   0.00000,
,,,00.000040280000,   8.00000,
,,,00.000040320000,   8.00000,
,,,00.000040360000,   0.00000,
,,,00.000040400000,   0.00000,
,,,00.000040440000,   8.00000,
,,,00.000040480000,   0.00000,
,,,00.000040520000,  -8.00000,
,,,00.000040560000,   8.00000,
,,,00.000040600000,   0.00000,
,,,00.000040640000,   0.00000,
,,,00.000040680000,   0.00000,
,,,00.000040720000,   8.00000,
,,,00.000040760000,   0.00000,
,,,00.000040800000,   8.00000,
,,,00.000040840000,   0.00000,
,,,00.000040880000,   0.00000,
,,,00.000040920000,  16.00000,
,,,00.000040960000,   0.00000,
,,,00.000041000000,   0.00000,
,,,00.000041040000,   0.00000,
,,,00.000041080000,   8.00000,
,,,00.000041120000,   0.00000,
,,,00.000041160000,   8.00000,
,,,00.000041200000,   8.00000,
,,,00.000041240000,   8.00000,
,,,00.000041280000,   0.00000,
,,,00.000041320000,   0.00000,
,,,00.000041360000,   0.00000,
,,,00.000041400000,   0.00000,
,,,00.000041440000,   0.00000,
,,,00.000041480000,   0.00000,
,,,00.000041520000,   0.00000,
,,,00.000041560000,   8.00000,
,,,00.000041600000,   0.00000,
,,,00.000041640000,   8.00000,
,,,00.000041680000,   0.00000,
,,,00.000041720000,   0.00000,
,,,00.000041760000,   0.00000,
,,,00.000041800000,   8.00000,
,,,00.000041840000,   8.00000,
,,,00.000041880000,   8.00000,
,,,00.000041920000,  -8.00000,
,,,00.000041960000,   0.00000,
,,,00.000042000000,   8.00000,
,,,00.000042040000,   8.00000,
,,,00.000042080000,   0.00000,
,,,00.000042120000,   0.00000,
,,,00.000042160000,   8.00000,
,,,00.000042200000,   0.00000,
,,,00.000042240000,   8.00000,
,,,00.000042280000,   0.00000,
,,,00.000042320000,   8.00000,
,,,00.000042360000,   0.00000,
,,,00.000042400000,   8.00000,
,,,00.000042440000,   8.00000,
,,,00.000042480000,   0.00000,
,,,00.000042520000,   0.00000,
,,,00.000042560000,   0.00000,
,,,00.000042600000,   8.00000,
,,,00.000042640000,   8.00000,
,,,00.000042680000,   0.00000,
,,,00.000042720000,   0.00000,
,,,00.000042760000,   8.00000,
,,,00.000042800000,   0.00000,
,,,00.000042840000,   8.00000,
,,,00.000042880000,   0.00000,
,,,00.000042920000,   0.00000,
,,,00.000042960000,  -8.00000,
,,,00.000043000000,   0.00000,
,,,00.000043040000,   8.00000,
,,,00.000043080000,   0.00000,
,,,00.000043120000,  -8.00000,
,,,00.000043160000,   0.00000,
,,,00.000043200000,   8.00000,
,,,00.000043240000,   0.00000,
,,,00.000043280000,   8.00000,
,,,00.000043320000,   0.00000,
,,,00.000043360000,   0.00000,
,,,00.000043400000,   0.00000,
,,,00.000043440000,   0.00000,
,,,00.000043480000,   8.00000,
,,,00.000043520000,   8.00000,
,,,00.000043560000,   0.00000,
,,,00.000043600000,  -8.00000,
,,,00.000043640000,   0.00000,
,,,00.000043680000,   0.00000,
,,,00.000043720000,   0.00000,
,,,00.000043760000,   0.00000,
,,,00.000043800000,  -8.00000,
,,,00.000043840000,   0.00000,
,,,00.000043880000,   8.00000,
,,,00.000043920000,   8.00000,
,,,00.000043960000,   0.00000,
,,,00.000044000000,  -8.00000,
,,,00.000044040000,   0.00000,
,,,00.000044080000,   0.00000,
,,,00.000044120000,   8.00000,
,,,00.000044160000,   0.00000,
,,,00.000044200000,   0.00000,
,,,00.000044240000,   8.00000,
,,,00.000044280000,   8.00000,
,,,00.000044320000,   0.00000,
,,,00.000044360000,  -8.00000,
,,,00.000044400000,   8.00000,
,,,00.000044440000,   8.00000,
,,,00.000044480000,   8.00000,
,,,00.000044520000,   8.00000,
,,,00.000044560000,   0.00000,
,,,00.000044600000,   0.00000,
,,,00.000044640000,   0.00000,
,,,00.000044680000,   0.00000,
,,,00.000044720000,   8.00000,
,,,00.000044760000,   0.00000,
,,,00.000044800000,   0.00000,
,,,00.000044840000,   0.00000,
,,,00.000044880000,   8.00000,
,,,00.000044920000,   0.00000,
,,,00.000044960000,   0.00000,
,,,00.000045000000,   8.00000,
,,,00.000045040000,   8.00000,
,,,00.000045080000,   0.00000,
,,,00.000045120000,   0.00000,
,,,00.000045160000,   8.00000,
,,,00.000045200000,   0.00000,
,,,00.000045240000,   0.00000,
,,,00.000045280000,   0.00000,
,,,00.000045320000,   0.00000,
,,,00.000045360000,   0.00000,
,,,00.000045400000,   0.00000,
,,,00.000045440000,   0.00000,
,,,00.000045480000,   0.00000,
,,,00.000045520000,   0.00000,
,,,00.000045560000,   0.00000,
,,,00.000045600000,   8.00000,
,,,00.000045640000,   0.00000,
,,,00.000045680000,   0.00000,
,,,00.000045720000,   0.00000,
,,,00.000045760000,   0.00000,
,,,00.000045800000,   0.00000,
,,,00.000045840000,   0.00000,
,,,00.000045880000,  -8.00000,
,,,00.000045920000,   0.00000,
,,,00.000045960000,   0.00000,
,,,00.000046000000,   0.00000,
,,,00.000046040000,   0.00000,
,,,00.000046080000,   8.00000,
,,,00.000046120000,   8.00000,
,,,00.000046160000,   8.00000,
,,,00.000046200000,   8.00000,
,,,00.000046240000,   0.00000,
,,,00.000046280000,   0.00000,
,,,00.000046320000,   8.00000,
,,,00.000046360000,   8.00000,
,,,00.000046400000,   8.00000,
,,,00.000046440000,   0.00000,
,,,00.000046480000,   0.00000,
,,,00.000046520000,   0.00000,
,,,00.000046560000,   8.00000,
,,,00.000046600000,   8.00000,
,,,00.000046640000,   8.00000,
,,,00.000046680000,  -8.00000,
,,,00.000046720000,   8.00000,
,,,00.000046760000,   0.00000,
,,,00.000046800000,   8.00000,
,,,00.000046840000,  -8.00000,
,,,00.000046880000,   0.00000,
,,,00.000046920000,  -8.00000,
,,,00.000046960000,   8.00000,
,,,00.000047000000,   0.00000,
,,,00.000047040000,   0.00000,
,,,00.000047080000,   0.00000,
,,,00.000047120000,   0.00000,
,,,00.000047160000,   0.00000,
,,,00.000047200000,   0.00000,
,,,00.000047240000,   8.00000,
,,,00.000047280000,   0.00000,
,,,00.000047320000,   0.00000,
,,,00.000047360000,   0.00000,
,,,00.000047400000,   0.00000,
,,,00.000047440000,   8.00000,
,,,00.000047480000,   0.00000,
,,,00.000047520000,   0.00000,
,,,00.000047560000,   0.00000,
,,,00.000047600000,   8.00000,
,,,00.000047640000,   8.00000,
,,,00.000047680000,  -8.00000,
,,,00.000047720000,  -8.00000,
,,,00.000047760000,   0.00000,
,,,00.000047800000,   0.00000,
,,,00.000047840000,   0.00000,
,,,00.000047880000,  -8.00000,
,,,00.000047920000,   0.00000,
,,,00.000047960000,   0.00000,
,,,00.000048000000,   0.00000,
,,,00.000048040000,   0.00000,
,,,00.000048080000,   8.00000,
,,,00.000048120000,   0.00000,
,,,00.000048160000,   8.00000,
,,,00.000048200000,   8.00000,
,,,00.000048240000,   0.00000,
,,,00.000048280000,  -8.00000,
,,,00.000048320000,   0.00000,
,,,00.000048360000,   0.00000,
,,,00.000048400000,  -8.00000,
,,,00.000048440000,   0.00000,
,,,00.000048480000,   0.00000,
,,,00.000048520000,   0.00000,
,,,00.000048560000,   0.00000,
,,,00.000048600000,   0.00000,
,,,00.000048640000,   0.00000,
,,,00.000048680000,   0.00000,
,,,00.000048720000,   0.00000,
,,,00.000048760000,   0.00000,
,,,00.000048800000,   8.00000,
,,,00.000048840000,   8.00000,
,,,00.000048880000,   0.00000,
,,,00.000048920000,   0.00000,
,,,00.000048960000,   0.00000,
,,,00.000049000000,   0.00000,
,,,00.000049040000,   0.00000,
,,,00.000049080000,   0.00000,
,,,00.000049120000,   0.00000,
,,,00.000049160000,  -8.00000,
,,,00.000049200000,   0.00000,
,,,00.000049240000,   0.00000,
,,,00.000049280000,   0.00000,
,,,00.000049320000,  -8.00000,
,,,00.000049360000,   0.00000,
,,,00.000049400000,  -8.00000,
,,,00.000049440000,   0.00000,
,,,00.000049480000,   8.00000,
,,,00.000049520000,   0.00000,
,,,00.000049560000,   8.00000,
,,,00.000049600000,   8.00000,
,,,00.000049640000,   0.00000,
,,,00.000049680000,   0.00000,
,,,00.000049720000,   8.00000,
,,,00.000049760000,   0.00000,
,,,00.000049800000,   8.00000,
,,,00.000049840000,   0.00000,
,,,00.000049880000,   8.00000,
,,,00.000049920000,  -8.00000,
,,,00.000049960000,   0.00000,
